label,text-cat
fugr-hu,a kameruni női nemzeti csapat még egyszer sem szerepelt világbajnokságon .
fugr-hu,gazdaság 2007 - en olasz tulajdonú sajtgyár kezdte meg a termelést .
fugr-hu,külső hivatkozások kategória:török dízelmozdonyok
fugr-hu,"a felhagyott régi nyomvonalon a vágányt felszedték , a helyére kerékpárút épült ."
fugr-hu,válogatott művei ajánlott irodalom források és jegyzetek kategória:paleontológusok
fugr-hu,frans van giel ( 1892 - 1975 ) flamand festő számos kempeni tájképet festett .
fugr-hu,"görgey , teöke , s m ."" 1910 - ben 162 , túlnyomórészt szlovák lakosa volt ."
fugr-hu,"a magyarok ősi eredete , 1827 ."
fugr-hu,előbbinek 1996 és 2008 között elnöke volt .
fugr-hu,"a levélszélek épek , a csúcs hegyes ."
fugr-hu,"a tükröződésmentesítő réteg , karcolásmentesítő réteg , uv - szűrő réteg ."
fugr-hu,"rosszabbodás : rázkódástól , a melegtől , ha az a fejet éri ."
fugr-hu,az 1996 – 97 - es szezon végén az év edzője lett .
fugr-hu,szintén ez évben jelent meg az outland c .
fugr-hu,"fajtái a lézió definíciója elég tág , így nagyon sokféle lézió létezik ."
fugr-hu,2005 októberében a háború után újjáépített burgtheater fennállásának 50 .
fugr-hu,30px atlétika férfi 30px súlyemelés férfi 30px úszás férfi női források aruba n2004
fugr-hu,pályafutása 1952 - ben a formula – 1 - es világbajnokság három versenyén vett részt .
fugr-hu,ennek révén erősödött a kölcsönös függés a szovjetunió és a többi tagállam között .
fugr-hu,"kizárólag egy japán cég állítja elő a vg10 - es acélt , a takefu special steel co ., ltd ."
fugr-hu,"életmódja párban , kis csoport okban vagy vegyes faj ú csoportokban él ."
fugr-hu,"az alapösszetevők a friss zöldségek , olívaolaj , valamint a friss fűszernövények ."
fugr-hu,"), aki később mainzi érsek lett ."
fugr-hu,sok paleontológus szerint az angaturama és az irritator egy fajba tartozik .
fugr-hu,"nevezhető még nyelvi lektornak , kéziratgondozónak is ."
fugr-hu,2011 - ben 561 lakosából 551 szlovák volt .
fugr-hu,") geológus , a shell houston i kutatóintézetének munkatársa ."
fugr-hu,a film az alan moore és david lloyd által létrehozott v for vendetta képregény filmadaptáció ja .
fugr-hu,"a lendkerék vagy lendítőkerék egy forgó tárcsa , melyet kinetikus energia tárolására használnak ."
fugr-hu,élete középiskoláit debrecenben és kecskeméten a piaristáknál ill .
fugr-hu,"az alpok ban is túrázott , télen - nyáron ."
fugr-hu,"század elején erdély legnagyobb állóvizének tartották , és a 19 ."
fugr-hu,a 194 prokne a naprendszer kisbolygóöv ében található aszteroida .
fugr-hu,"a minaret látogatható , 97 lépcsőfok vezet fel a teraszára ."
fugr-hu,"a tücsök és a hangya , az aranyhal meséje ."
fugr-hu,története a falu nevét 1424 - ben említette először oklevél egerbegh néven .
fugr-hu,"a fajta tökéletes verseny -, vagy akár hobbiló is lehet ."
fugr-hu,"források , hivatkozások további információk kapcsolódó szócikkek kategória:nemi tevékenység"
fugr-hu,e bordaporcok nem csak a 3 – 7 .
fugr-hu,észak - amerikában az első dvd megjelenés 2009 .
fugr-hu,"kutatásai mellett fiatal kutatók támogatásával , gondozásával , ill ."
fugr-hu,", ésszerűsítéssel és leépítésekkel tovább üzemeltetve azt ."
fugr-hu,"eredete az inkvizíció , mint szervezet csak a 13 ."
fugr-hu,"nevét a megtorlás görög istennőjéről , nemeszisz ről kapta ."
fugr-hu,később a falunak több birtokosa volt .
fugr-hu,maga garvey etiópia második világháborús megszállása előtt kritikusan beszélt i .
fugr-hu,–) amerikai filmrendező és producer .
fugr-hu,wallace autója megállt a piros lámpánál 46 méterre a rendezvény helyszínétől .
fugr-hu,a díjazottak a kékkel jelölt játékosok a chl az év védője díj át is elnyerték .
fugr-hu,"britney spears két hónappal később felülmúlta ezt a rekordot , amikor nézőnek énekelt ."
fugr-hu,a sztenderd olasz nyelv és a sztenderd német is bizonyos értelemben tető - nyelvek .
fugr-hu,"1915 - ben néhány hónapra elfoglalták az oroszok , akik kivonulásukkor felgyújtották a várost ."
fugr-hu,csoportkör rájátszás elődöntők a 3 .
fugr-hu,– 1323 ) bolgár cár 1321 - től haláláig .
fugr-hu,"–) magyar író , drámaíró , dramaturg , egyetemi tanár ."
fugr-hu,ez szemmel láthatóan a földrészek új elhelyezkedésének köszönhetően alakult ki .
fugr-hu,"a medált kaphatják köztisztviselők és a magánszféra alkalmazottai is , pl ."
fugr-hu,"sok fejnek kell lehullania , mint a kiemelkedő mákfejeknek , ha az ember fölöttük ellovagol ."
fugr-hu,a tarvágás az erdő megújításának leghatékonyabb módja .
fugr-hu,egyetemi tanulmányait budapest en járta ki .
fugr-hu,1909 - ben a városban cionista világkongresszust rendeztek .
fugr-hu,2000 - től 2005 - ig a kolozsvár i protestáns teológiai intézet hallgatója .
fugr-hu,megszámlálhatatlan nép élhet itt .
fugr-hu,felfedezése az ngc 48 galaxist lewis a . swift fedezte fel 1885 .
fugr-hu,g - húrra írott művekben szívesen mutatták és mutatják be virtuozitásukat a hegedűművészek .
fugr-hu,"így alakult ki az a helyzet , hogy a mai angolban kevesebb az óangol , mint a latin eredetű szó ."
fugr-hu,stratégiai fontosságú fekvése miatt már ekkor fontos szerepet töltött be africa provincián belül .
fugr-hu,"24 mérkőzéséből 22 - et nyert , egyet vesztett el és egy végződött döntetlennel ."
fugr-hu,a szolgáltatási és kereskedelmi szektor is fejlett a városban .
fugr-hu,a gyógyszerészek az orvosságként használt leveleket melissae folium - nak nevezik .
fugr-hu,több nemezetek közötti válogatott - és klubmérkőzést vezetett .
fugr-hu,"ez a munka azonnal óriási , világméretű érdeklődést keltett ."
fugr-hu,"pályája iskoláit rimaszombat on , rozsnyó n és kassán végezte ."
fugr-hu,ő volt legkiválóbb tragikai művésznője a régebbi magyar szinészetnek .
fugr-hu,"attól függően , hogy a láncfonalak közül hol melyik van a vetülékfonal felett , ill ."
fugr-hu,"március 24 - én , weisz erik néven született budapesten ( a rákosárok út 1 ."
fugr-hu,egyes rendszerek szerint a nektármadárfélék hez tartozik .
fugr-hu,1972 - ben tért vissza magyarország ra .
fugr-hu,"lakossága 2001 - ben 15 502 lakosából 14 486 szlovák , 369 magyar , 264 cseh volt ."
fugr-hu,jegyzetek kategória:magyar államtitkárok kategória : 1978 - ban született személyek
fugr-hu,az fln - hez csatlakoztak a magukat feloszlató nacionalista pártok is .
fugr-hu,"2009 - ben újabb koncertlemezt jelentettek meg "" live at the olympia "" címmel ."
fugr-hu,az összeköttetés londonnal 1846 - ra készült el .
fugr-hu,forbes korábban a brit hadsereg ezredeseként szolgált indiában .
fugr-hu,"30 km - re délre , pápától 15 km - re északra található ."
fugr-hu,1997 volt a karrierje mélypontja .
fugr-hu,"században nyerte el önállóságát , amikor a nápolyi királyság ban felszámolták a feudalizmus t ."
fugr-hu,ellenben 1366 - ban már paris ill .
fugr-hu,1975 júliusától davis mintegy hat évre eltűnt a nyilvánosság elől .
fugr-hu,a 2010 - ben az európa - bajnokságon 10 km - en 26 .
fugr-hu,története kisapahida nevét már 1299 - ben említette oklevél apahyda néven .
fugr-hu,hajdúval és az absztrakt művészet legújabb tendenciáival .
fugr-hu,"és így jutott el a 42 - höz , teljesen véletlenül ."
fugr-hu,a következőkben pilling jános által elkülönített szakaszokat látjuk .
fugr-hu,"eredeti termőhelyén a nyár forró , de télen gyakorta fagy ."
fugr-hu,1946 - 1947 között képzőművészeti szabadiskolát vezetett .
fugr-hu,osztályú mérkőzésein bíráskodott .
fugr-hu,"–) erdély i magyar költő , újságíró ."
fugr-hu,kategória:sex pistols - kislemezek kategória : 1977 kislemezei
fugr-hu,század végén körülbelül évi hatvanezer tonna anyagot tudott feldolgozni .
fugr-hu,"védettsége magyarországon védett , eszmei érték e 10 000 forint ."
fugr-hu,forrás kategória:a kuruc háborúk kategória:rejtjelek
fugr-hu,"pol pozíciója , niki lauda 13 ."
fugr-hu,viktor emánuel király örökölte savoya hercegének címét is .
fugr-hu,"jean – éric vergne ( pontoise , 1990 ."
fugr-hu,1966 – 1967 között fényképész tanuló volt .
fugr-hu,kerékpárverseny volt 1922 óta .
fugr-hu,"benedek mögött állt spanyolország minden királysága , portugália , skócia és orléans herceg e is ."
fugr-hu,fülöp titkárának írta az algériai fogság idején .
fugr-hu,hagyományosan gyógyító papok végezték a beteg személy családtagjai között .
fugr-hu,"a vonal 78,5 kilométer hosszú , amelyből 73,8 km alagútban halad ."
fugr-hu,lásd még jegyzetek kategória:a naprendszer kisbolygói
fugr-hu,flaminius ekkor még táborában maradt arretium nál .
fugr-hu,1922 - ben kis - és nagyczigánd egyesül .
fugr-hu,éjszakára megszálltak recsky tiszanagyfalu i lakásán .
fugr-hu,könyvanyagának legrégibb rétegét az ősnyomtatvány ok jelentik .
fugr-hu,kerületi döntő : nagyváradi ac - ungvári ac 7 : 2 .
fugr-hu,"később összekülönböztek , s a hagyomány szerint daunus megölte vejét ."
fugr-hu,a légierőt hat repülőgép és öt helikopter alkotja .
fugr-hu,"az asszony felismeri , és azt kéri a fáraótól , áldozza fel a bikát , hogy megehesse a máját ."
fugr-hu,"febr - 5 ” dátummal , amely a megáradt duna aznapi vízszintjét jelöli ."
fugr-hu,"ez azt jelentette , hogy a rövidebb , úgynevezett sprintversenyen a negyedik helyről indulhatott ."
fugr-hu,% date % - behelyettesítése az aktuális dátum a date paranccsal megegyező formátumban .
fugr-hu,virágait éjjeli lepkék porozzák meg .
fugr-hu,a többi kisállamban hasonló forradalmi események zajlottak le .
fugr-hu,tizennyolc évesen kitűnő bizonyítvánnyal végzett .
fugr-hu,a nefron két fő része a vesetestecske és a belőle kiinduló csatornarendszer .
fugr-hu,"jakab ), akinek annyira nem tetszett a dráma , hogy rögvest be is tiltotta ."
fugr-hu,luxemburg 6 év múlva az európai gazdasági közösség alapító tagja lett .
fugr-hu,"rudolf kilátástalan helyzetében felkeresi az anyját , hogy járjon közben érte a császárnál ."
fugr-hu,"fő gazdasági ága a turizmus , az utóbbi évtizedekben sok hotel épült itt ."
fugr-hu,"a rablók ezért elhatározzák , hogy megölik ."
fugr-hu,a cseh köztársaság jogalkotó testülete a parlament .
fugr-hu,szmirnov kazahsztán első olimpiai aranyérmét nyerte az olimpiai játékok történetében .
fugr-hu,"később , gretchen megöli a sona sírásóját is , miután az át akarja verni ."
fugr-hu,"az odaítélés kritériuma , hogy egy eredeti , a skandináv kultúrában gyökerező alkotás szülessen ."
fugr-hu,a váradi béke után még kisebb harcok folytak az országban .
fugr-hu,2012 - ben beválasztották halhatatlan magyar sportolók egyesületébe .
fugr-hu,magyarországon tucatnyinál is kevesebb fajuk él .
fugr-hu,1985 - ben az eötvös loránd tudományegyetem díszdoktorává avatták .
fugr-hu,az aktív nemzeti játékvezetéstől 1995 - ben vonult vissza .
fugr-hu,"a benne lakozó farkas , a szabadságvágy nagyobb volt benne ."
fugr-hu,juhász tibor tudatosan és jól alkalmazza ezt .
fugr-hu,"ennek igyekszenek utána járni , és egy térkép segítségével meg is győződnek a valóságtartalmáról ."
fugr-hu,"hat gyermekük született , egy kivételével mindegyik megélte a felnőttkort ."
fugr-hu,század elején hanyatlásnak indult pannónia provincia és vele esztergom környéke is .
fugr-hu,a linear projekt keretében került felfedezésre 2000 .
fugr-hu,századi dokumentumokban is fellelhető .
fugr-hu,"ezek általában nem megfelelő kromoszómaszámmal járnak , amit aneuploidiának nevezünk ."
fugr-hu,később apja egy magániskolába íratta borgerhout - ban .
fugr-hu,"ogliastro cilento község ( comune ) olaszország campania régiójában , salerno megyében ."
fugr-hu,életpályája 1949 - ben végezte el a főiskolát .
fugr-hu,a csapat színei a szürke és a piros .
fugr-hu,"1431 - től az ágoston - regula szerint élnek , majd 1439 - ben iv ."
fugr-hu,"nevét 1925 - ig őrizte , mikor is a hősök szobra avatása kapcsán új nevet kapott : hősök tere ."
fugr-hu,a romániához csatolt terület ma arad megye részét képezi .
fugr-hu,"1987 - ben basilica minor , azaz kis bazilika rangra emelték ."
fugr-hu,akkoriban „ kelepce háznak ” ( maison du trappeur ) is nevezték .
fugr-hu,dickson egy könyvében 40 hivatkozást ad bunyakovszkij munkáira .
fugr-hu,"olyan nincs , hogy valaki „ hibásan érez ”."
fugr-hu,nevezetességek jegyzetek források kategória:máramaros megye települései
fugr-hu,"2001 november ében , egy dánia elleni 1 - 1 - es mérkőzésen mutatkozott be ."
fugr-hu,"a 17 . század ban a terület urai a rákócziak voltak , akik hajdúkat telepítettek a faluba ."
fugr-hu,a lakásépítés azonban messze elmaradt az irodaházak építkezéseitől ; egy nagy ún .
fugr-hu,antiokhoszig beszéli el babilon történetét .
fugr-hu,az időeredmények másodpercben értendők .
fugr-hu,jegyzetek kategória:törökország régiói
fugr-hu,henrik herceg a luxemburgi - ház és iv .
fugr-hu,a járműveket a cinkotai autóbuszgarázs állítja ki .
fugr-hu,ennek volt francia elnevezése : hermitage .
fugr-hu,a spodumen az ino - vagyis láncszilikát a piroxéncsoport tagja .
fugr-hu,"1866 - ban a pesti egyetem rektora , 1868 - ban királyi tanácsos lett ."
fugr-hu,"1982 - ben jelent meg bemutatkozó albumuk , az under the blade ."
fugr-hu,"a világosi fegyverletétel után , a xix ."
fugr-hu,"a harmadik , és talán leginkább verhető ellenfél japán volt a csoportban ."
fugr-hu,"elsősorban a 80 - as évek zenéjének hatásai , de emellett a 21 ."
fugr-hu,napóleon kitérőleg a császárság érdekére hivatkozott .
fugr-hu,baross gábor egykori közlekedési miniszter 1892 .
fugr-hu,a terveit ezután kereskedelmi cégek vették át fejlesztési és tesztelési célokra .
fugr-hu,eduárddal kötött frigyét iii .
fugr-hu,még az azonos korban és zenei szokásrendszerben élő egyének ítélete is eltérhet egymástól .
fugr-hu,"a balta nyelét a szájába veszi , miközben a kanállal elkezdi levágni a lábát ."
fugr-hu,ellenszere egyelőre nem ismert .
fugr-hu,a madonna della bruna nevének eredetét többféleképpen magyarázzák .
fugr-hu,rokon fajok a törpe kék juh legközelebbi rokona a bharal .
fugr-hu,írás a magyart jelenleg a latin ábécé magyar változatával írják .
fugr-hu,60 éve minden szeptemberben borfesztivált rendeznek e siker emlékére .
fugr-hu,"– 1367 ) máramaros i vajda volt , mielőtt létrehozta a független moldvai fejedelemség et ."
fugr-hu,"lipót , és az őt követő összes belga király a német szász – coburg – gothai - ház leszármazottja ."
fugr-hu,cirill ábécé hivatkozások források kategória:latin eredetű ábécék kategória:moldova
fugr-hu,"1992 - ben a 939 fős faluban már csupán 4 magyar és 9 cigány élt , a maradék 926 fő román volt ."
fugr-hu,"a világ legnagyobb határidős tőzsdéje , az eurex is frankfurtban üzemel ."
fugr-hu,"tünetei : szédülés , eszméletvesztés ."
fugr-hu,"eredetileg három falu volt , gödrös - homonna - és sztropkóolyka ."
fugr-hu,az elsőkerék - függesztés innovációnak számít .
fugr-hu,"a templomot négytornyos , kettős falú erődrendszer övezi ."
fugr-hu,van egy szintén salakos labdarúgó - pályája is .
fugr-hu,nagy terjedelmű díszkertnek park a neve .
fugr-hu,"január 18 - án kezdődött meg , és még ez év május 14 - éjén befejeződött ."
fugr-hu,március 15 - én lépett érvénybe .
fugr-hu,"varga jánosné , 1960 - ig balogh magdolna ( újpest , 1939 ."
fugr-hu,"bella azonban felül az egyik motoros mögé , és elhajtanak ."
fugr-hu,"nappal a hidat leengedték , ezzel bebocsátást engedek a parasztok , kereskedők számára ."
fugr-hu,így a dalok nagy részét steve harris mellett főként adrian smith szerezte .
fugr-hu,"a paradoxon önellentmondást , érthetetlen dolgot vagy helyzetet jelent ."
fugr-hu,"reneszánsz , klasszicista és rokokó stílusjegyeket visel magán ."
fugr-hu,részt vett az antifasiszta ellenállásban .
fugr-hu,"rūjiena ( , ) város lettország északi részén mindössze 15 km - re észtország határától .."
fugr-hu,"értik , hanem magát a vadat vagy annak egy részét , amelyet megfelelő módon tartósították ."
fugr-hu,"dobsa ferenc ( érsemjén , 1768 ."
fugr-hu,több éve tagja a magyar válogatott keretnek .
fugr-hu,források külső hivatkozások kategória:numerikus analízis
fugr-hu,"műszaki műhold , az első geomágneses kutatásokat végző műhold ."
fugr-hu,forduló után páva zoltán polgármester utasítására varga istván menesztette .
fugr-hu,"a fókák elég közel jönnek , de nagyon barátságosak ."
fugr-hu,külső hivatkozás kategória:az oroszországi föderáció korábbi alanyai
fugr-hu,track lista kategória:joe satriani - albumok
fugr-hu,a világ egyetlen más hídján sem állítottak fel ilyen sok szobrot .
fugr-hu,"a lakosságnak 1910 - ben közel 90 %- a , 1941 - ben 86 %- a őstermelésből élt ."
fugr-hu,"fővárosuk concana , a mai santillana volt ."
fugr-hu,"clark úgy érzi , összekötik őket a képességeik ."
fugr-hu,"a korán isten igéje , mint ilyen nem teremtetett , hanem öröktől fogva van ."
fugr-hu,március 27 - re készült el teljesen .
fugr-hu,"annyira megtetszett neki ez a nyelv , hogy el is határozta , megtanulja azt ."
fugr-hu,a két dimenziós fényvezetőket például félvezetőlézerekben alkalmazzák .
fugr-hu,futam statisztikák vezető helyen : peter revson 1 .
fugr-hu,gorcsev iván rejtő jenő a tizennégykarátos autó című regényének főszereplője .
fugr-hu,június 28 - án született budapest en .
fugr-hu,"a lemezt turné követte , mely tragikusan végződött criss oliva számára ."
fugr-hu,helyezések források kategória:brandy - kislemezek kategória : 1996 kislemezei
fugr-hu,"ledley brenton king ( london , 1980 ."
fugr-hu,a leszállásjelzők pedig a korábbi szögletes helyett a lemezből kiálló kör formájúakra változtak .
fugr-hu,"a második és harmadik sorból ickx , hill , illetve stewart , hulme és derek bell indult ."
fugr-hu,kategória:kulturális világörökségi helyszínek kategória:berlin modern stílusú lakótelepei
fugr-hu,"kalapsza jános ( magyarbecse ( bács - bodrog vármegye ), 1823 ."
fugr-hu,története az 1830 - as urbárium szerint 12 háza és 86 lakosa volt .
fugr-hu,"században készült , cambridge - ben őrzött kódexben látható ."
fugr-hu,besorolás a játék tartalmaz erőszakot .
fugr-hu,"európa híd - budapest , 2003 ."
fugr-hu,buday kálmán 1886 - ban szerezte orvosi diplomáját budapesten .
fugr-hu,még tihor néhány négyzetméteres szobájában működött .
fugr-hu,a hivatalos tipusnéven kívül a sisu katonai járműveknek általában becenevük is van .
fugr-hu,az utolsó pontszerző a toyotás ralf schumacher lett .
fugr-hu,"szerepel az 1001 lemez , amit hallanod kell , mielőtt meghalsz című könyvben ."
fugr-hu,ez a két vegyület pigmentként szolgál .
fugr-hu,dick - díj jal és háromszor az aurora - díj jal tüntették ki .
fugr-hu,az általános szeretet eszméjével a fejedelemségek egységesítésének eszményét vázolta fel .
fugr-hu,ezek a képek nagy hatást gyakoroltak az ifjú van rysselberghe - re is .
fugr-hu,"keverés : steve macmillan , mike oldfield ."
fugr-hu,században született személyek kategória:az i .
fugr-hu,itt délkelet - kisázsiában vízkórtól megbetegedett és szívszélhűdésben 117 - ben elhunyt .
fugr-hu,"–) romániai magyar szobrász , fémműves , iparművész ."
fugr-hu,"a motorra az mwg - vel együtt , a ganz rt ."
fugr-hu,a fakockával burkolt kocsibehajtó terét keresztboltozat zárja .
fugr-hu,"előbbinek nincs jele , az utóbbié a birtokolt főnévi szerkezet végén lévő ’ s ."
fugr-hu,a liverpool ellen tért vissza 2008 .
fugr-hu,számok listája a számok stúdióváltozatai a burn és stormbringer albumokon találhatók .
fugr-hu,a korhatárkarika szavazás alapján egy zöld színű kisfiút ábrázol .
fugr-hu,az európai gombákkal foglalkozó atlaszsorozatot adott ki ( atlas des champignons de l'europe ).
fugr-hu,"világháború alatt munkaszolgálatos volt , majd mauthausen ben került fogolyként ."
fugr-hu,kategória:gombafajok kategória:ehető gombák
fugr-hu,munkálataikat a globalista párt támogatta .
fugr-hu,"mugur isărescu ( drăgășani , vâlcea megye , 1949 ."
fugr-hu,a megye területe az ígéret földjévé váltak a távoli vidékekről érkezők számára .
fugr-hu,számlista jarre @ imac night apple expo szponzora az apple inc .
fugr-hu,galleni és chartresi kéziratokban ) már a 9 - 11 .
fugr-hu,a magyarországot képviselő botond éva a 15 .
fugr-hu,a lakosságszám alakulása ( minden év december 31 - én ) a közigazgatási tagolódás
fugr-hu,"philoxenosz ( ) vagy eretriai philoxenosz ( i . e . 315 körül , i ."
fugr-hu,"költészete eredeti , esztétikai forrásértékével tűnik ki kortársai közül ."
fugr-hu,életpálya 1811 - től carl friedrich gauss asszisztense volt göttingen ben .
fugr-hu,"történet coloradoban alakultak , 1981 - ben a new wave of british heavy metal hullám hatására ."
fugr-hu,ez a helyzet még manapság is létezik pl .
fugr-hu,először franciaország északi részén állomásozott mint felderítő repülő .
fugr-hu,"fenegyerek csak urich - tól tudja meg , hogy a kisfiú , timmy , ugróbéka fia ."
fugr-hu,10 000 fő vallotta magát román nemzetiségűnek illetve román anyanyelvűnek .
fugr-hu,ilyenekből éppen n darab van .
fugr-hu,"kedveli a nyílt , ritkás erdő ket ."
fugr-hu,1996 - tól szabadfoglalkozású íróként dolgozik .
fugr-hu,évszázad ok : i . e . 6 . század – i . e . 5 . század – i . e . 4 . század évtized ek : i .
fugr-hu,"az ország legészakibb tartománya , szugd fővárosa ."
fugr-hu,"életmódja , termőhelye a legtöbb pozsgáshoz hasonlóan jellemzően száraz éghajlaton él ."
fugr-hu,erre 400 millió forintos támogatást nyert a strand .
fugr-hu,"másnap , a videó körüli botrányok miatt az iskolában kiközösített és dr ."
fugr-hu,a célba így másfél perces hátrányban ért és lett második .
fugr-hu,a drámaíró cuauhtémocot guatemotzin néven szerepeltette .
fugr-hu,ezek a vízfolyások választották el a takla - makánt a lop - sivatagtól .
fugr-hu,"közepén egy nagy kerek terem található , a kereszt száraiban pedig szobák ."
fugr-hu,"írországban , az egyesült királyságban és az usa - ban kedvelt zsákmány a sporthorgászok körében ."
fugr-hu,egészségügyi hatások napi maximum beviteli mennyisége 25 mg / testsúlykg .
fugr-hu,lásd még jegyzetek kategória:a naprendszer kisbolygói
fugr-hu,"július 28 - ig , a gyógyszertár államosításáig tartott ."
fugr-hu,március 23 - án halt meg brüsszel i lakásában .
fugr-hu,"radics istván ( ) ( mohács , 1863 ."
fugr-hu,1846 és 1852 között förster theophil hansen nel dolgozott együtt .
fugr-hu,része posztumusz jelent meg ).
fugr-hu,"fábián józsef ( alsóörs , 1762 ."
fugr-hu,"két év felkészülés után 1686 tavaszán károly herceg , ii ."
fugr-hu,a versenyszámban nem vett részt magyar versenyző .
fugr-hu,jimenoként való jelölése azonban pontatlan .
fugr-hu,lásd még jegyzetek kategória:a naprendszer kisbolygói
fugr-hu,"végtagjait nézve nincs lába , csak két emberi karja , amelyeken egy - egy karórát hord ."
fugr-hu,északi felébe nyúlik a pennines hegység .
fugr-hu,1887 óta a malomipar nak nélkülözhetetlen gép évé vált a síkszita .
fugr-hu,"az erőd lal qila , fort rouge illetve agra vörös erődje néven is ismert ."
fugr-hu,tiol os oldallánccal ( r - sh ) hidrofil tulajdonsággal rendelkező aminosav .
fugr-hu,spanyolország ot vétkes könnyelműséggel kormányozta .
fugr-hu,"kate ebből rájön , hogy wayne az igazi apja ."
fugr-hu,mindezek ellenére igen játékos .
fugr-hu,1988 és 1992 között összesen 62 db - ot gyártott a čkd a čsd részére .
fugr-hu,az őt követő nagymesterek már létrehoztak saját katákat is .
fugr-hu,"–) magyar író , újságíró , költő , könyvtáros , népművelő , fodrász ."
fugr-hu,a tornát a címvédő szovjet válogatott nyerte meg .
fugr-hu,mára egyre inkább üdülőfalu jelleget ölt .
fugr-hu,"a kapcsolatot a 108 megahertzen ( mhz ) frekvencián , botantennákon keresztül biztosították ."
fugr-hu,"november 19 - én napfelkeltekor a harcok abbamaradtak , de a csata még mindig nem dőlt el ."
fugr-hu,philológiai közlönybe ( 1880 .
fugr-hu,végül a régiót szerb és francia csapatok szállták meg .
fugr-hu,január 17 - én vegyészdoktor lett .
fugr-hu,ez a természetes érési folyamat negatívja .
fugr-hu,1933 - ban szerzett tanári és bölcsészdoktori diplomát .
fugr-hu,"a zalaegerszeg csapatához 2010 nyarán igazolt , szerződése 2012 ."
fugr-hu,"a kemény , stressz es munka utáni lazításként a nubiaiak a szórakozás sokféle módját kedvelik ."
fugr-hu,az 1526 - ban hazavonuló törökök egy seregrésze felégette a falut .
fugr-hu,"az 1985 - ös riport a felszabadulás brigád egyetlen tagját , kiss györgynét szólítja meg ."
fugr-hu,a tanácsköztársaság idején 1919 .
fugr-hu,a lengyel mellett német állampolgársággal is rendelkezik .
fugr-hu,komplex számok gyökei bélyegkép | jobbra | komplex ötödik gyökök 1 + i √ 3 = 2 · eπ · i / 3 .
fugr-hu,az ír zene hasonló a skóthoz .
fugr-hu,"1825 - ben nyitrai kanonok , 1827 ."
fugr-hu,a linear projekt keretében került felfedezésre 1999 .
fugr-hu,életpályája karrierje kezdetén tornatanár volt nápoly ban .
fugr-hu,"hetényegyháza , katonatelep ) a klasszikus felosztás szerint a xiii - xxii ."
fugr-hu,"amikor ezüstéremmel végeztek , miután a manchester united ellen elvesztették a szuperkupát ."
fugr-hu,hangszerelése gazdagon él a fúvós - effektusokkal .
fugr-hu,"figyelmezteti jacket , hogy adja vissza a dolgait , de mivel nem teszi meg , bosszút esküszik ."
fugr-hu,század ban is folyamatosan nőtt .
fugr-hu,tavaszi ajándék kis gyermekek számára .
fugr-hu,"anonymus is említi a semptei várat , mely hajdan a vág balpartján feküdt ."
fugr-hu,"a nyak hosszúsága , vastagsága , tartása , sőt , esetenként a mozgása is a fajtára jellemző ."
fugr-hu,vastagsága a tetőhöz hasonlóan 2 – 3 milliméter közötti .
fugr-hu,kerületben több művelődési központ működik .
fugr-hu,"kiszető ( románul chizătău ) falu romániában , temes megyében ."
fugr-hu,"század harmincas , ötvenes éveiben volt , feltehetőleg gerulatában ."
fugr-hu,"hernádtapolca ( 1899 - ig teplicska , ) falu szlovákiában a kassai kerület iglói járás ában ."
fugr-hu,"amerikában nem kerültek elő ősembermaradványok , és nincsenek embersza ¬ bású majmok sem ."
fugr-hu,"küzdenek az ensz megreformálásáért , a korrupció visszaszorításáért ."
fugr-hu,az usa perzsa - öböl beli politikájára válaszul 1979 .
fugr-hu,250px | bélyegkép | jobbra | a klasszicista stílusú műemlék jellegű r .
fugr-hu,század elején a bilkei és a dolhai családok telepítettek .
fugr-hu,"–) brazíliai születésű német labdarúgó , jelenleg az orosz gyinamo moszkva csatára ."
fugr-hu,a homlokzat meghatározó elemei a függőleges oszlopok és a tornyok támpillérei .
fugr-hu,"az 1899 – 1900 - as évad valamivel nyugodtabb volt , mint az előző ."
fugr-hu,"bár 1959 - ben kiesett az eto , a budapesti vasas leigazolta ."
fugr-hu,2011 elején egy - egy pár érkezett a szegedi vadaspark ba és a győri xántus jános állatkert be .
fugr-hu,2005 decemberétől jenny mccarthy színész / modellel járt de öt évnyi együttélés után szakítottak .
fugr-hu,a leghíresebb szatír : ampelosz .
fugr-hu,megjelenése testhossza 13 - 15 centiméter .
fugr-hu,"1556 - ban a széchyek még mindig nem nyugodtak abba bele , hogy elvesztették az apátságot ."
fugr-hu,század elején egy floridai kis tóban a hínárok gyűjtése közben .
fugr-hu,határa a medves hegyekre kiterjed .
fugr-hu,magyar versenyző nem vett részt a versenyen .
fugr-hu,1808 - ban eisenhammer és vashámor néven írták .
fugr-hu,ugyanezen év november 1 - jén egy hangversenyen a bátori máriából vezényelt részleteket .
fugr-hu,"kognitív pszichológus , 2003 óta a harvard egyetem pszichológia professzora ."
fugr-hu,könyvek mellett szerepelt számos tv műsorban és néhány filmben is .
fugr-hu,"talán feltételezhetjük , hogy a barlang genezisének volt hideg vízi fázisa is ."
fugr-hu,a herédiek mind egy szálig baj nélkül értek haza .
fugr-hu,"rey mysterio , született oscar gutierrez rubio ( san diego , usa , 1974 ."
fugr-hu,"tompa anna mérgező növények , növényi mérgek budapest 2006 ."
fugr-hu,a tavaszi hadjárat során részt vett a nagysallói ( ápr .
fugr-hu,"early ( pat morita ) és más , újonnan megismert barátok segítségével eddie elindul bosszút állni ."
fugr-hu,a trianoni békeszerződés előtt torontál vármegye nagybecskereki járásához tartozott .
fugr-hu,1970 elején az asszony váratlanul eltűnt a nyilvánosság szeme elől .
fugr-hu,a gróf nyitotta meg 1843 - ban a nugent múzeumot a kastélyban .
fugr-hu,neki tulajdonított mű a de originibus hungaricis .
fugr-hu,"az itt eltemetettek még a történelmi magyarországon kívül , talán etelköz ben születtek ."
fugr-hu,") orosz agrobiológus , növénynemesítő , a szovjet tudományos akadémia tiszteletbeli tagja ."
fugr-hu,"története 1857 - ben 110 , 1910 - ben 98 lakosa volt ."
fugr-hu,ma már jelentős részük szegeden dolgozik .
fugr-hu,források kategória:máramaros megye települései
fugr-hu,"-) amerikai író , hazájában az anna pigeon - krimi sorozatával vált híressé ."
fugr-hu,"ez a két hajó a mayebashi marunak álcázott orion , és a tokio marunak álcázott kulmerland volt ."
fugr-hu,a trianoni békeszerződés előtt bihar vármegye magyarcsékei járásához tartozott .
fugr-hu,a fiatal állatok ivarérésük elérése után is a falkával maradnak egy ideig .
fugr-hu,1980 és 2000 között a pszichológia című szakfolyóirat szerkesztőbizottságának elnöke volt .
fugr-hu,jegyzetek források külső hivatkozások kategória:néprajz kategória:halászat
fugr-hu,"az akkori gyakorlat szerint a helyszínen sorsolással döntötték el , hogy ki vezese a mérkőzést ."
fugr-hu,településszerkezete : dombvidéki sorfalu .
fugr-hu,1916 a naracs - tavi offenzíva 1916 megkönnyebbülést jelentett az orosz hadvezetés számára .
fugr-hu,"ekkor spears elhatározza , hogy többé nem fogja befolyásolni a média ."
fugr-hu,a klipek között bepillantás a színfalak mögé .
fugr-hu,szeptember 3 - án érte el csúcspontját 381 ponttal .
fugr-hu,"április – ankim , etiópia , 1930 ."
fugr-hu,"század i épület , melyet 1729 - ben átépítettek ."
fugr-hu,a michelin kiszállása után 2007 - től 2010 - ig egyedüli gumibeszállító volt a forma - 1 - ben .
fugr-hu,"2011 - ben 333 lakosából 255 szlovák , 44 ruszin és 14 ukrán volt ."
fugr-hu,1553 - 1580 ) a cateau - cambrésis - i béke értelmében visszaszerezte savoya nagy részét .
fugr-hu,"század végén lebontották a battisterotól nyugatra álló nagy érseki palota egy részét , és a 16 ."
fugr-hu,októberben pétervárad főhadikormányzója dr .
nger-no,er en roman av audun briseid utgitt av cappelen i 1974 .
nger-no,kommuner og knutepunkter eksterne lenker 293 kategori:veier i iveland
nger-no,blåsten er imidlertid knapt synlig .
nger-no,kategori:danske forretningsfolk kategori:fødsler i 1875 kategori:dødsfall i 1923
nger-no,kilder kategori:bukter i antarktis kategori:peter i øy kategori:artikler i antarktis - prosjektet
nger-no,den formelle innsettelsen fant sted i en messe på petersplassen 24 .
nger-no,creek countys totale areal er 2 512 km ² hvorav 37 km ² er vann .
nger-no,"den var 22 x 28 x 4,6 cm , sammenlignet med macintosh portable som var 37,7 x 38,7 x 10,3 cm ."
nger-no,august av oberstløytnant krebs og måtte trekke seg tilbake til eidskog .
nger-no,dette landet ble senere kjent som island .
nger-no,omtrent på denne tiden oppdaget singen to forsøk på å ta livet hans .
nger-no,i 1690 ble beijing gjort til bispedømme .
nger-no,"i februar 1994 fant man det gamle alteret fra mariakirken , og den 21 ."
nger-no,arkeikum og proterozoikum sammenfattes ofte som prekambrium .
nger-no,amiga 1200 var en datamaskin laget av commodore som var i salg mellom 1992 og 1996 .
nger-no,"synemon - arter fra vestlige australia , fotogafert i naturen : [ 2 ]."
nger-no,"på grunn av presesjonen avviker de , relativt til stjernene , i rektascensjon ."
nger-no,dette museet ble ødelagt av flom i 1878 og en flyttet gjenstandene til et annet museum i giza .
nger-no,"bad guy er ei soloplate av freddie mercury , vokalist i det britiske rock ebandet queen ."
nger-no,niari renner fra fjellene og helt ned til kysten .
nger-no,redaktør fra 2006 er dag jørgen saltnes .
nger-no,"flere av disse bøkene er oversatt til nederlandsk , tysk og fransk ."
nger-no,"hun vokste opp i karachi og lahore i pakistan , og kom til norge i 1978 ."
nger-no,castraene var vanligvis firkantede med en inngang på midten av hver vegg .
nger-no,største tettsteder er mebonden og ås .
nger-no,"det laveste punktet er bredden av donau , som er 96 meter over havet ."
nger-no,i verdenscupen debuterte han med 19 .
nger-no,"i en periode fikk guvernørene meget stor personlig makt , nesten så de ble egne statsoverhoder ."
nger-no,"året etter ble han førstemann til å kaste over 65 meter , da han satte sin andre verdensrekord ."
nger-no,hans sønn makares ville ikke gi sin far støtte og mithridates fikk ham myrdet .
nger-no,vei kinas riksvei 210 løper gjennom området .
nger-no,løypeprofil løypa i geilo24 består av en runde rundt ustedalsfjorden på ca .
nger-no,skuddvekslingen stoppet kings kolonne .
nger-no,fra vest ble også fyrstedømmet angrepet av hedenske baltiske stammer .
nger-no,guvernementets areal er 3 800 km ² .
nger-no,høyeste punkt er signal de botrange i hautes fagnes på 694 meter .
nger-no,"benjamin gene « benny » brown ( født 27 . september 1953 , død 1 ."
nger-no,han kom på tredje plass i høydehopp bak harold osborn og leroy brown begge fra usa .
nger-no,oktober 1982 || nauchnij || l.g .
nger-no,sporliste kategori:musikkalbum fra 2009 kategori:old man's child - album
nger-no,thumb | upright | knut hamsun mottok nobelprisen i litteratur i 1920 .
nger-no,kurtzmans karriere forble omfattende .
nger-no,en liten flik av hinnøya tilhører også vågan .
nger-no,skrev herodot os om ekbatana : dette er åpenbart en fantastisk redegjørelse .
nger-no,dette kommer godt fram i musikken hans .
nger-no,etter hans død fikk den navnet konstantinopel .
nger-no,"ved behov får de også mulighet til en varm dusj , rene klær og en seng å sove i for natten ."
nger-no,februar 1996 i haverford i pennsylvania ) var en polskfødt amerikansk psykolog .
nger-no,koder i gost 7.67 - 94 eksterne lenker kategori:landskoder kategori:iso 3166
nger-no,odysseus er det største nedslagskrater et på saturnmånen tethys .
nger-no,administrasjonsbyen er hamilton .
nger-no,"carl bernhard rosenberg ( født 7 . august 1874 i øvre eiker , død 3 ."
nger-no,eksterne lenker referanser litteratur kategori:fiskeindustri
nger-no,myten om dette seglet er opphavet til ordet hermetikk / hermetisk .
nger-no,etymologi artjom er en russisk form av det greske navnet artemisos ( gresk : αρτεμισιος ).
nger-no,"fra april – oktober 1996 var solli førsteamanuensis ved vitenskapsmuseet , ntnu ."
nger-no,den groveste type brød gir to til tre ganger så mye kostfiber som fint brød .
nger-no,billettsystemet var lenge det samme som for vanlig jernbanetrafikk .
nger-no,sønn av høyesterettsadvokat jens paulus irgens odberg og lilly odberg ( født michelsen ).
nger-no,bakkroppen har mer uskarpe tegninger .
nger-no,kategori:paul mccartney - sanger kategori:sanger fra 1979
nger-no,senere startet han at skrive sanger .
nger-no,kjetil hestad ( født i 1964 ) er en norsk politiker for arbeiderpartiet .
nger-no,mens maffei 1 er rundt 10 millioner lysår .
nger-no,fylkesvei 58 ( fv58 ) i hordaland går mellom ådland og haga i stord kommune .
nger-no,eksterne lenker kategori:kommuner i rio grande do norte
nger-no,van horn vant en olympisk bronsemedalje i boksing under ol 1904 i st .
nger-no,hun hadde en karakteristisk dyp kraftfull stemme .
nger-no,trollkittlen hade de emellan sig på en stång.jpg |'' trollmor och pojken smögo sig ut ur berget .
nger-no,januar 1939 fikk frisch dette bekreftet eksperimentelt .
nger-no,jelsnes er også kjent for tunejolla .
nger-no,han underviste fra 1966 til 1996 ved universitetet i münster .
nger-no,"for å bestemme antallet av galakse r i superhop er , utvelges volumener ."
nger-no,"videre ut fjorden går fv73 , mens fv77 går ut langs vestsida fra sirineset ."
nger-no,denne betegnelsen er for lengst gått ut av bruk og har i dag bare historisk relevans .
nger-no,"habitat og reproduksjon mink trives i skogsområder med nær tilknytning til vann ( kurta , 1995 )."
nger-no,rolf kirkvaag var programleder mens egil monn - iversen ledet et orkester på 22 mann .
nger-no,orda khan er kjent for å ha organisert den såkalte blå horde .
nger-no,ekstern lenke oslo kommunale leieboerorganisasjon kategori:norske boligorganisasjoner
nger-no,seponelven er 1 meter dyp og ca .
nger-no,hoppbakkene har med tiden forfalt som de fleste av de gamle bakkene i groruddalen .
nger-no,interlingua er lett for folk som kan f.eks .
nger-no,november 1973 || palomar || e.f .
nger-no,et annet viktig medisinsk papyrus er brugsch - papyrusen ( ca .
nger-no,det har typenummer 1161 i aarne - thompsons eventyrklassifikasjon .
nger-no,valhalls hovedforsyningsbase er tananger .
nger-no,"gaten er oppkalt 1934 etter norge s statsminister i perioden 1905 – 07 , christian michelsen ."
nger-no,referanser eksterne lenker kategori:łódź kategori:holocaust
nger-no,"de fleste arter lever ved fuktige steder i skog og mark , og flyr ved skogkanter i gresset ."
nger-no,reiårsfossen er en over 200 m høy foss ved riksvei 9 like sør for ose i setesdal .
nger-no,"han tok artium i skien 1845 , og studerte i oslo den påfølgende vinteren ."
nger-no,andre turistattraksjoner er rövarbyn og labyrinten .
nger-no,oppskytningen av sts - 117 var opprinnelig planlagt til 15 .
nger-no,januar 2002 i larvik ) var en norsk forfatter .
nger-no,"arthur blessitt har besøkt torg , festival er og nattklubb er ."
nger-no,vannkraftverket ligger i provinsen gansu .
nger-no,men den originale vindusbehandleren som benyttet seg av det var siemens rtl tiled window manager .
nger-no,"de har deltatt i seks afrikamesterskap , men har alltid blitt slått ut i gruppespillet ."
nger-no,i 1871 ble fylket igjen en del av mohave county .
nger-no,devgru sto blant annet bak anslaget og drapet på osama bin laden 2 .
nger-no,halen er rikelig behåret og skal gi et tett og buskete inntrykk .
nger-no,romerne kalte seg til og med « quirites » til hans ære .
nger-no,kjente årdølinger kategori:bygder i sogn og fjordane kategori:gårder i gloppen kategori:breim
nger-no,de fire beste lagene møttes deretter pånytt en gang .
nger-no,"maskene skulle beskytte soldatene mot klor - , fosgen - og tåregass ."
nger-no,halve karrieren til tikhonov hadde imidlertid gått da sprint - 10km ble vm - gren i 1974 .
nger-no,hellefjorden er navnet på flere fjorder i norge :
nger-no,brasillach lå først begravet på den kjente père lachaise - kirkegården .
nger-no,"demografi ved folketellingen i 2011 var det innbyggere i distriktet , mot i 2001 ."
nger-no,historie kilder bilder kategori:norske tankskip kategori:sjøfart i rogaland kategori:skip fra 1952
nger-no,behandling ingen effektiv behandling finnes .
nger-no,resultatet ble tv - serien på loffen .
nger-no,friområdene ble tegnet av leberecht migge .
nger-no,de var benyttet av engelskmennene i royal navy fram til midten av 1500 - tallet .
nger-no,"byen har mye turisme , både på grunn av grensehandelen og nærheten til iguazúfallene ."
nger-no,eksterne lenker kategori:grønlands geografi
nger-no,dette utstyret benytten han astronomi observasjoner .
nger-no,"kapp melkefabrikk er fremdeles en arbeidsplass , men det drives ikke lenger med melkeprodukter ."
nger-no,situasjonen har blitt karakterisert som en urban gerilljakrig [ 3 ].
nger-no,teaterbygningen fra 1839 ligger i eriksgatan i sentrum av åbo .
nger-no,den britiske filmen little voice ( 1998 ) er basert på en selektiv stum sanger .
nger-no,angrivariere eller agrivariere var et germansk folkeslag innenfor den ingaevonske folkegruppen .
nger-no,den begynner i qingdao i shandong og fører via jinan til shijiazhuang i hebei .
nger-no,hovedstaden heter fray bentos .
nger-no,i 2007 fikk berg oppmerksomhet rundt sitt ønske om å skrive kontrakt med 11 - åringer .
nger-no,etterpå trakk folk opp gjennom gatene og samlet seg på stortorvet .
nger-no,"verdenskrig , avisoppgjøret etter 1945 , samt to bind i verket handelsflåten i krig ."
nger-no,aonach beag er likevel det høyeste av disse to fjellene .
nger-no,sammen med den hellige margaret var hun guddommelig utpekt som jeannes rådgiver .
nger-no,usa regjering erklærte øyene trygge for beboere i 1980 .
nger-no,fil:mosque mopti.jpg | den store moskeen i mopti .
nger-no,i tillegg kommer en betydelig produksjon av naturgass .
nger-no,den er hovedstad i provinsen guangdong ved kina s kyst mot sørkinahavet .
nger-no,fem av de seks satsene er bearbeidelser av bevarte kantatesatser .
nger-no,de har gåttt sammen om prosjektet barakarunners .
nger-no,"siden har stammen stabilisert seg , men uten at den har økt i særlig grad ."
nger-no,"under innspillingen av sin neste film , noen har det hett , er marilyn ruset og gråter åpenlyst ."
nger-no,ved sterkt smittepress kan det vaksineres hyppigere .
nger-no,"de er ofte i gass form ved romtemperatur , eller er en væske som fordamper lett ."
nger-no,medlemmene sitter i kraft av egen person og ikke profesjonell tilhørighet .
nger-no,bombingen av king david hotel ble gjennomført i den perioden han var leder .
nger-no,hun er bosatt i trøndelag for best mulige treningsforhold og studietilbud .
nger-no,plass i canada på 5000 - og 10 000 - meteren i sesongen 2008 - 2009 .
nger-no,dicymbium nigrum er en av edderkoppene i gruppen dvergedderkopper ( linyphiidae ).
nger-no,begrepet inspirasjon er dermed et positivt ladet ord med flere betydninger :
nger-no,"det ble videreutviklet og testet i hemmelighet i porton down i wiltshire , england ."
nger-no,"boerne hadde falne i kamphandlingene , mot på britenes side ( av disse døde av sykdom )."
nger-no,kategori:norsk motstand under andre verdenskrig
nger-no,denne parken inneholder detaljerte modeller av miniatyrbyer som var bygget kun av lego - klosser .
nger-no,de beste resultatene for hull er kvartfinale i welsh open 2003 og malta cup 2006 .
nger-no,frømand er det samme som froskemann på norsk og er altså personell som bl.a .
nger-no,"det er to store innsjøer i vassdraget , åraksfjorden og byglandsfjorden ."
nger-no,kategori:fylker i washington kategori : 1911 i usa kategori:befolkede områder etablert i 1911
nger-no,generasjons x86 mikroprosessor - arkitektur .
nger-no,materialene må derfor tåle stort trykk .
nger-no,det var niende gangen som aking var olympisk øvelse .
nger-no,"han vant fieldsmedaljen i 1962 , wolfprisen i 1989 og abelprisen i 2011 ."
nger-no,skarpnäcks gård er en bydel i söderort i stockholm kommune .
nger-no,26 utøvere deltok på distansen .
nger-no,i dag er det en steinvarde som utgjør sjømerket .
nger-no,de hittil kjente norske eksemplarene er fanget i juni .
nger-no,kategori:elver i rjazan oblast
nger-no,svært få afrikanere fikk tillatelse til å bo der .
nger-no,tre varme dråper falt på thoras ben dump midnattsklokken slo og hanen galte .
nger-no,plass lugarene og salongene på hoveddekket .
nger-no,det er en grusstrand bare 5 meter fra havna .
nger-no,"det står for « fucked up , got ambushed , zipped in » og betegner at alt går til helvete ."
nger-no,han opptrer senere som et spøkelse etter døden .
nger-no,stor - kobbøya ligger i kobbefjorden .
nger-no,"tre år senere , i 1976 , ble svein hentet tilbake som musikalsk utøver av new jordal swingers ."
nger-no,"denne graden må være godkjent av abet , som akkrediterer ingeniørutdanning i usa ."
nger-no,da en beskjeden frygisk bosetning slo seg ned i området .
nger-no,av disse var ble 28 gjennomført på 24 timer i oslo .
nger-no,i tiden opp mot valget i 2010 hadde russisk media en rekke angrep på aleksander lukasjenko .
nger-no,tekster har han skrevet siden fjorten års - alderen .
nger-no,langlands liv bortimot ingenting er kjent om langland selv .
nger-no,nysæther har også samarbeidet med kvinner på randen og folkemusikkgruppen fjøgl .
nger-no,laila er en type potet som har et lavt innhold av tørrstoff .
nger-no,kvinner ble tillatt permanente lokker og en kunne la håret vokse noe lengre .
nger-no,etappe thumb | profil kategori:sykkelritt i 2011 kategori:vuelta a españa kategori : 2011 i spania
nger-no,gjennom medgang og motgang utvikler gammel - dags karakter seg og han får større hjertelag .
nger-no,marwān seiret i borgerkrigen og opprettet så den marwānidiske kaliflinjen .
nger-no,derimot tok det ti år før albumet hadde oppnådd høye nok salgstall til å få gullplate i usa .
nger-no,stolpe giftet seg i 1875 med emmy holmgren .
nger-no,dokumentaren blir avsluttet med intervjuer med jødiske deltakere i gettooppstanden i warszawa .
nger-no,kategori:italienske kardinaler kategori:fødsler på 1200 - tallet kategori:dødsfall i 1314
nger-no,skriftlige kilder forteller at skogen ble fredet i 1686 .
nger-no,gyssestad gård ble kjøpt og overtatt av bærum kommune i 1950 .
nger-no,"både larvene og de voksne ( imago ) billene lever av å spise blad , blant annet på iris ."
nger-no,overføring av funksjoner til trafikverket den 3 .
nger-no,eksterne lenker kategori:danser kategori:spansk musikk
nger-no,dette angir derfor også tidspunktet for oppføringen av steinhuset .
nger-no,klosterkirken ble et valfartssted hvor folk kunne få avlat for sine synder mot betaling .
nger-no,beina og særlig lårene ( coxa ) er store og kraftige .
nger-no,han var nest eldst av fire søsken .
nger-no,den norske tittelen er « takk for at du er en venn ».
nger-no,lunner var en del av jevnaker fram til 1890 - tallet da den ble en egen kommune .
nger-no,hun kom blant annet med viktige bidrag innenfor feltene tallteori og differensialgeometri .
nger-no,forskjellen i farge skyldes ulik partikkelstørrelse .
nger-no,bergens bygningsmuseeum fra 1936 overtok foreningen gamle bergen elsesro i flere etapper .
nger-no,annet at det var de fine fruer av kristiania som benyttet seg av dette sanatoriet .
nger-no,disse kommandoene bruker hhv stdout og stdin som kilde .
nger-no,"september 1999 , men kun ett år etter fødselen ble de skilt ."
nger-no,"i alaska , nordlige canada samt i arktis og antarktis ."
nger-no,geologisk kartlegging av kontinentalsokkelen ble likevel ikke et hovedanliggende for ngu .
nger-no,"under keiser decius var det igjen kristenforfølgelser , men deres religion fortsatte å spre seg ."
nger-no,hovedvokalisten til gruppa er norske isabelle heitmann ( f .
nger-no,det ble uroppført på christiania theater 13 . januar 1883 .
nger-no,"de lever i områdene tomsk oblast , krasnojarsk kraj , jamalo - nenetsk og nenetsk ."
nger-no,ikke desto mindre lever deler av før - kristen tro fortsatt i svaneti .
nger-no,i 1912 ble han den første som begynte med rekefiske nord for stad .
nger-no,"utseende middelsstore ( vingespenn gjerne 50 - 70 millimeter ), kraftige sommerfugler ."
nger-no,fil:pavel_filonov_manwoman.jpg |'' en mann og en kvinne ( adam og eva )'' ( 1912 – 1913 ).
nger-no,"tårnet har begynt å lene , men arbeid med å stabilisere det pågår for å få fjernet faren ."
nger-no,populationen sank fra noen millioner individer til noen tusen dyr .
nger-no,verk kittel komponerte hovedsakelig for orgel .
nger-no,dette er den første norske artikkelen om denne hendelsen .
nger-no,butikkskilt er også gjerne på fransk .
nger-no,"bois døde i berlin , hvor han også ble født , i en alder av 90 år ."
nger-no,hallen har tidligere holdt basketball - vm for kvinner og skal holde kamper i håndball - vm 2009 .
nger-no,via sin medvirkning i weltbühne fortsatte han å delta i politiske debatter fra paris .
nger-no,se også eksterne lenker kategori:narkotika kategori:legemidler kategori:norske forskrifter
nger-no,"mange av maleriene kan beskues på čiurlionismuseet i kaunas , litauen ."
nger-no,på graven står det « now we rise and we are everywhere ».
nger-no,i politiske diskusjoner blir det ofte skilt mellom en naturlig og en menneskeskapt drivhuseffekt .
nger-no,eksplosjonen førte til politiutrykning .
nger-no,lokaltakst løper for hele kjøredistansen .
nger-no,dermed dør svartskjegg mens hun selv overlever .
nger-no,kategori:østromerske keisere kategori:fødsler i 520 kategori:dødsfall i 578
nger-no,produksjonen av serien ble utsatt 16 .
nger-no,"clément dupont ( født 11 . april 1899 i argelès - gazost , død 1 ."
nger-no,julian strøm startet som skuespiller i 1920 i et lite teater kalt mayol - teateret i oslo .
nger-no,boken er en faktaløve for aldersgruppen 8 til 12 .
nger-no,mennens trap under sommer - ol 2012 fant sted 5 .
nger-no,"bartholomeus - messe , som feires 24 ."
nger-no,"det havarerte i lødingsfjellet i tåke , rett ved tettstedet lødingen , ca ."
nger-no,"april 1944 i porto ), var en kjent portugisisk politisk figur ."
nger-no,både ager og yellen ble valgt til medlemmer av the songwriters hall of fame .
nger-no,ordet alisma er visstnok keltisk og betyr « vann ».
nger-no,dobloug underholder tyskerne med løst prat mens karene jobber med å få opp døra .
nger-no,"hovedstaden på øya er palma de mallorca , som også er hovedstad i regionen balearene ."
nger-no,"helheten holdes sammen ved den kvinnelige hovedpersonen veslemøy , med døpenavnet gislaug ."
nger-no,i 1939 skiltes vigeland og ingrid .
nger-no,deretter la de på vokal to ganger .
nger-no,979 ilsewa er en hovedbelte asteroide .
nger-no,akp.no kom ut fra høsten 2002 med ti utgaver årlig på 8 eller 12 sider .
nger-no,det er tegnet av arkitekt einar lunøe .
nger-no,mai 1999 || socorro || linear |- | || || 12 .
nger-no,eng ble den siste i den ubrutte rekken av arbeiderpartiordførere i kommunen siden 1928 .
nger-no,"platen solgte ikke spesielt godt , og kom ut i et opplag på ca ."
nger-no,han var biskop av valva - sulmona .
nger-no,"påtenkt som norges første kunstfrosne 400 - metersbane , men valle - hovin ble valgt ."
nger-no,distriktets nasjonale statistikkode er 021409 og hovedstaden er santiago de chilcas .
nger-no,kategori:typografi kategori:aviser
nger-no,"maksimal størrelse er en lengde på 108 cm og en vekt mellom 32,5 – 34,5 kg ."
nger-no,de giftet seg den 8 . juni 1978 .
nger-no,"uer og abbor har bare ctenoide skjell , mens sild og ørret bare har cycloide skjell ."
nger-no,"i stridighetene brukte de norske styrkene flybomber , cv9030n stormpanservogner og bombekastere ."
nger-no,20 og en noe mindre komplett utgave i llyfr coch hergest (= hergests røde bok ).
nger-no,kaare alexander ørnung ( født 1931 ) er en norsk pianist .
nger-no,"hans jacob aall ( født 20 . september 1869 1869 i arendal , død 6 ."
nger-no,i sosiologi ved universitetet i oslo og har tatt hærens befalsskole .
nger-no,denne motoren ble senere forstørret til 2.4 liter og 180 hestekrefter i 1969 .
nger-no,"men da sykdommen var over , viste det seg at helen var blitt både døv og blind ."
nger-no,kategori:skåne län kategori:tettsteder i skåne län
nger-no,bakgrunn og utdannelse han ble født i en katolsk familie i det daværende østerrike - ungarn .
nger-no,eksterne lenker kategori:sykepleietiltak
nger-no,artikkelens formulering lyder « form ever follows function ».
nger-no,"oversiden er mørk med hvite striper , undersiden har lignende mønster men grunnfargen er brunlig ."
nger-no,eksterne lenker kategori:norske komponister kategori:norske dramatikere kategori:fødsler i 1968
nger-no,august 1958 og dømt til 15 års forvisning og fem års tap av borgerrettigheter .
nger-no,dette er norges største utenriksstasjon og har i overkant av 50 ansatte .
nger-no,"på curaçao og bonaire taler befolkningen papiamento , som også er offisielt språk ."
nger-no,planter av denne slekten finnes fortsatt i bl.a .
nger-no,"han har passe høyde , lilla øyne og lillahvitt aktig hår ."
nger-no,larvens bakkropp består nesten bare av fordøyelsessystemet .
nger-no,plass på listen over verdens mektigste kvinner .
nger-no,"hatfield , iii gikk rettens vei for å få innpass ved en jus - skole i louisiana ."
nger-no,han ble valgt inn på stortinget fra vestfold i 1954 og ble gjenvalgt de tre neste periodene .
nger-no,den norman manley international airport og den gamle havnebyen port royal ligger på sandbanken .
nger-no,"orkanen nådde kategori 5 på saffir - simpson - skalaen , hvilket er den høyeste kategorien ."
nger-no,eksterne lenker kategori:kirker i berlin kategori:mitte
nger-no,han ble gravlagt ved karrakatta cemetery i perth i australia .
nger-no,lindbæk står bokført med 35 mål på 91 kamper fra eliteserien i fotball .
nger-no,det finnes også én art på andamanene i bengalbukta .
nger-no,"ola christian christofersen ( født 23 . september 1866 i sørum , død 24 ."
nger-no,"karsten høst spilte trommer på bandets andre album , "" hej du ""."
nger-no,februar 2004 i en privatkamp mot som endte med 4 - 0 seier til wales .
nger-no,langland er beskrevet som en sannsynlig protesjé av wycliffe .
nger-no,mellom 1737 og 1815 holdt alunverket i grønlia det gående med få avbrudd .
nger-no,"biografi laub var prestesønn fra langå ved nyborg , men mistet sin far allerede som 13 - årig ."
nger-no,hans arbeid utvidet også det iboende erotiske i woods kvinnelige figurer .
nger-no,i tillegg har han en periode også vært nrk s korrespondent i paris ( 1979 – 1986 ).
nger-no,midlene går til the richard dawkins foundation for reason and science .
nger-no,"da markedet falt , krevde meglerne tilbakebetalt disse lånene , og som umulig kunne bli betalt ."
nger-no,materialer fra den gamle kirken i svatsum ( fra 1726 ).
nger-no,"vettel gikk i mål på førsteplass , og økte sin ledelse i mesterskapet til 58 poeng ."
nger-no,valle videregående skole har flere betydninger se også
nger-no,"de hevede områdene ble så erodert , og mer sedimenter ble avsatt over sør - england med bl.a ."
nger-no,krokaas versjon bærer tittelen « vi er alle i den samme båt ».
nger-no,den kaledonske fjellkjedefolding en nådde ikke ned hit .
nger-no,litteratur referanser og fotnoter kategori:kinesisk kirkehistorie fra 1949 til 1976
nger-no,béchamel innehadde tittelen sjefsstuert i ludvig xivs hoff .
nger-no,truman har også arbeidet både som tegner og forfatter for conan .
nger-no,"i 1651 er det oppgitt at det fantes fem sagbruk ved det nordre fossefallet , kalt nord - fossen ."
nger-no,i 1947 ble kjelen ombygd til oljefyring .
nger-no,døgn målt i norge ( gjeldende rekord ble målt på indre matre den 26 .
nger-no,det kan være flere buffere i bruk samtidig .
nger-no,han var sønn av borger christophersen loe ( f .
nger-no,foto : oscar bladh 1961 den 22 .
nger-no,med denne forbindelsen ble all trafikk til kråkerøy og hvaler ledet gjennom fredrikstad sentrum .
nger-no,"før han gikk til sogndal , spilte han for fjøra , og før det , for lærdal il ."
nger-no,"under påskeopprøret var han nestkommanderende ved south dublin union , under eamonn ceannt ."
nger-no,eksterne lenker kategori:frænas geografi
nger-no,"de skrev som begrunnelse , "" he's snarky . he's snide ."
nger-no,martina sáblíková var regjerende verdensmester og er regjerende olympisk mester .
nger-no,thumb | left | 200px | suistamo kirke 2009 .
nger-no,det kan være : i bibelen er dina datter av jakob og lea .
nger-no,daglig leder per november 2009 for søvde as er lasse jonassen .
nger-no,det begynte angivelig som en reaksjon på overgrep fra den kongolesiske sentralregjering .
nger-no,rüfenacht vant en olympisk bronsemedalje i fekting under sommer - ol 1952 i helsingfors .
nger-no,"de skulle få gå på skole , men kun lære husholdningsfag som heimkunnskap og liknende ."
nger-no,kevin harris ble frikjent for det angivelige drapet på agenten .
nger-no,nystuen leier en lastebil og med bjørnene i to kasser på planet går turen til filefjell .
nger-no,thumb | float | 225px | kart som viser plasseringen av kjernekraftverket .
nger-no,i statuttene av 2011 er stjernen beskrevet som forsølvet .
nger-no,det latin ske navnet incisivi kommer av incidere – å kutte .
nger-no,i semifinalen beseiret de storbritannia med 19 - 2 og i finalen usa med 6 - 1 .
nger-no,det var ikke før sargon ii gjenopprettet orden på slutten av 700 - tallet f.kr .
nger-no,"yoda dro til planeten dagobah , hvor han levde sine siste år ."
nger-no,sea lion island ble utpekt til ramsarområde i 2001 .
nger-no,i 2009 vant han kanonprisen for beste filmmusikk under kosmorama internasjonale filmfestival .
nger-no,i 1252 ble byens universitet studium grunnlagt .
nger-no,fylkesvei 256 ( fv256 ) går mellom hundorp i sør - fron og vinstra i nord - fron .
nger-no,fra 1967 til sin død i 2002 bodde han i den hessiske hovedstaden wiesbaden .
nger-no,"sandboaer eter for det meste smågnagere , men kan også ta øgler , fugler , insekter og snegler ."
nger-no,guvernøren har residens i queen's house i tower .
nger-no,folketallet var på innbyggere i 1999 .
nger-no,datoen er avmerket på enkelte versjoner av primstaven med en halv sol .
nger-no,litt over 26 000 gjenstander ble oppdaget og katalogisert under utgravningen .
nger-no,bjellaanes var i årene 1978 til 1982 formann i sparebankforeningen i norge .
nger-no,"han ble frarøvet makten av harald hardråde , som ikke oppgav sine krav på danmark før i 1064 ."
nger-no,"premien er oppkalt etter clarence von rosen , som var sveriges fotballforbund s første leder ."
nger-no,"de fant i stedet en region med svidde trær , rundt 50 kilometer i diameter ."
nger-no,"tingretten ligger i horten i vestfold og dekker kommunene hof , holmestrand , horten og re ."
nger-no,"innbyggertall : 8 649 ( folketelling 2002 ), 8 574 ( folketelling 1989 )."
nger-no,senere i 1966 ble toots ble arrestert og satt i fengsel i 18 måneder .
nger-no,derfor kunne arawaker og kariber befolke store deler av syd - amerika og de karibiske øyene .
nger-no,larvene lever på planter i gressfamilien ( poaceae ).
nger-no,"flere kantate r , motett er og orgelkoral er av johann michael bach er bevart ."
nger-no,til sammen kalles metallene og fargene for tinkturer .
nger-no,desember fant sted innen sol invictus - festen oppstod på den dato .
nger-no,"sangen ble en stor hit over hele verden , noen ganger med teksten oversatt til fremmede språk ."
nger-no,kongens død blir forfattet som en kosmisk katastrofe .
nger-no,« vega » forlot galle på ceylon den 22 .
nger-no,april 1801 mot den britiske flåten .
nger-no,han ble tatt ut til fotball - em 2012 i polen og ukraina .
nger-no,forsøksdriften ble derfor innstilt i 1956 .
nger-no,akupressur er en form for healing .
nger-no,den norske filosofifestivalen i kragerø ble avholdt første gang 31 .
nger-no,samlede og bearbeidede for pianoforte i tre bind .
nger-no,fylkesvei 23 ( fv23 ) i nord - trøndelag går mellom lånke og dravenget i stjørdal kommune .
nger-no,metallisk cesium ble isolert første gang i 1882 av carl setterberg ved elektrolyse av cesiumsalt .
nger-no,navnet kan ses som et uttrykk for den betydning dette ble tillagt .
nger-no,liste over distrikter i vest - bengal .
nger-no,"og mange slekter og arter har riller på stilken , mens noen er nesten helt glatte ."
nger-no,før dette var han i utenrikstjenesten og leder av europeisk ungdom .
nger-no,se også referanser eksterne lenker kategori:byer i schleswig - holstein kategori:flensburg
nger-no,de møtte danmark i finalen begge gangene og vant med 2 - 0 i 1908 og 4 - 2 i 1912 .
nger-no,det er i dag satt opp et minnesmerke over de omkomne ved fyret .
nger-no,"under junior - vm i 1988 tok rzehak bronse i utfor , året etter tok han bronse i super - g ."
nger-no,perlebreen er en isbre i den østre delen av dronning maud land .
nger-no,"under sin tid i troy - ljungby fikk han sitt kallenavn "" sune kung "" og "" kung sune på hovet ."
nger-no,området har også fått flere hoteller .
nger-no,forvingen har to lukkede celler i den ytre delen ( submarginalceller ).
nger-no,utgaven av tour de france 2013 .
nger-no,systematisk inndeling kilder eksterne lenker kategori:tortricinae
nger-no,digitalteknikken ble først brukt til å lese av innstillingene og lagre dem for senere referanse .
nger-no,left | thumb | jordens bane rundt solen .
nger-no,wimbledon - turneringen 2004 ble spilt mellom 21 . juni og 4 .
nger-no,idag er kaliningrad oblast en russisk eksklave mellom polen og litauen .
nger-no,indholdsfortegnelse : kategori:boksebøker kategori:bøker fra 1924
nger-no,halaas var sentral i utviklingen av teknologien som ledet til fast search & transfer asa .
nger-no,han har vært utleid meteorolog til statkraft .
nger-no,hovedkirken i oppsal menighet er oppsal kirke i solbergliveien .
nger-no,"eksterne lenker smithee , alan"
nger-no,i 1919 ble harald olsen nauen æresmedlem .
nger-no,i norge solgte tandbergs radiofabrikk sin første modell 1 i 1952 .
nger-no,av lagdelte geologiske avleiringer .
nger-no,synne sun løes ( født 30 . mai 1975 i sør - korea ) er en norsk forfatter .
nger-no,hun er i dag landsleder i los barne - og familieorganisasjon framfylkingen .
nger-no,polski związek piłki nożnej ( pzpn ) er særidrettsforbundet for fotball i polen .
nger-no,"everything i love er et musikkalbum med laila dalseth , utgitt i 2003 ."
nger-no,"den minste kjente mosasauren er carinodens belgicus , som var 3 – 3,5 m ."
nger-no,cis - regulerende elementer dette er sekvenser som kontrollerer transkripsjon av et gen .
nger-no,"ved delfi var han også kjent som pythios (« pytianeren »), som også betydde at han var fra delfi ."
nger-no,"filmen har senere fått oppfølgerne , skrik 3 ( 2000 ) og skrik 4 ( 2011 )."
nger-no,i løpet av karrieren vant han tolv svenske mesterskap og satte åtte svenske rekorder .
nger-no,"oktober , siste runde i eliteserien ."
nger-no,"letterman hadde selv i år 2000 , i en alder av 52 , en bypassoperasjon med 5 seperate inngrep ."
roma-it,nel doppio femminile hanno trionfato rosie reyes e yola ramírez .
roma-it,altri progetti collegamenti esterni
roma-it,"latino viginti duo , greco δύο καὶ εἴκοσι ) è il numero naturale dopo il 21 e prima del 23 ."
roma-it,nel 2006 si trasferì da toronto a new york .
roma-it,"9 luglio , sabato a bologna furono messe in vendita le spoglie del sacco ."
roma-it,26513 newberry è un asteroide della fascia principale .
roma-it,il 9 gennaio dell ' anno successivo ricevette la diaconia di sant'agata dei goti .
roma-it,greta porta a termine la trasformazione di jenna facendole bere il suo stesso sangue .
roma-it,"delta sculptoris ( δ scl , δ sculptoris ) è una stella tripla nella costellazione dello scultore ."
roma-it,l’alfa romeo 110 è stato un autocarro prodotto dall ’ alfa romeo .
roma-it,"la lamina è larga , da lanceolata a ovata a contorno lobato con bordi denticolato - spinulosi ."
roma-it,"i nomadi passano loro un anello dentro al naso , con il rischio di infezioni ."
roma-it,eventi preliminari main event i partecipanti al main event furono 21 .
roma-it,lorelai invita luke a casa sua per la tradizionale serata film che di solito faceva con rory .
roma-it,discografia altri progetti collegamenti esterni
roma-it,"è membro del blog collettivo "" nazione indiana ""."
roma-it,"lo stesso zečević è esonerato e poi richiamato e la squadra , alla fine , retrocede in serie c2 ."
roma-it,al termine della carriera ha svolto il ruolo di allenatore .
roma-it,"era accompagnata nuovamente dal coro della chapel of hope , e cominciava con la versione album ."
roma-it,"storia grazie al successo dei kix , la band di baltimora portò all'attenzione diverse major ."
roma-it,"tassonomia in accordo alla suddivisione del genere pteropus effettuata da andersen , p ."
roma-it,ognuno dei loro re portava il nome ereditario di agag ( ; ).
roma-it,"è nato ad upland , california , da padre messicano , e ha frequentato la alta loma high school ."
roma-it,orsi e lupi condividono la stessa area .
roma-it,"appartiene a una categoria di concept artist solitamente definiti "" futuristi visuali ""."
roma-it,nel ottobre 1982 approda tra i professionisti con la spal .
roma-it,questo è l'elenco dei giudici che ressero il giudicato di torres o logudoro .
roma-it,laplace e lagrange si occuparono di meccanica celeste .
roma-it,queste partite locali sono chiamate clássicos ( classiche o derby ).
roma-it,"per approfondire il legame tra sylvane e tiller , si reca quindi dal dott ."
roma-it,si riferisce esclusivamente a servizi prestati alle controllate .
roma-it,"ha doppiato anche il personaggio di ed in cowboy bebop , noto anime di fantascienza ."
roma-it,la società è quotata presso la borsa valori di milano .
roma-it,epoche particolari di raccolta : le foglie e i fiori in estate ; i rizomi in settembre - ottobre .
roma-it,questo è anche dovuto al coinvolgimento di ueshiba con la religione ōmoto - kyō .
roma-it,"la storia si svolge nella città - stato di romana , simile ad un ' italia medievale ."
roma-it,palmarès piazzamenti grandi giri classiche monumento competizioni mondiali collegamenti esterni
roma-it,"dopo il primo turno di finale , solo primož kozmus ( slo ) è oltre gli 80 metri ( 80,75 )."
roma-it,presenta il programma per oltre 20 anni .
roma-it,tra le sue cinque vittorie spiccano le due tappe al giro d'italia .
roma-it,quello stesso anno fece un viaggio in europa .
roma-it,"sede vescovile è la città di grosseto , dove si trova la cattedrale di san lorenzo ."
roma-it,la canzone fu quindi inclusa nell'album sounds of silence ( 1966 ).
roma-it,"infatti , in sogno , mark le compare e passano una notte d'amore appassionato ."
roma-it,chuck martin marito della dottoressa susan lewis dal quale ha avuto un bambino di nome cosmo .
roma-it,"alfonso de nicola , medico sociale della società sportiva calcio napoli ."
roma-it,al - ʿobaydī prima che il 28 luglio 2011 fosse assassinato in circostanze oscure il gen .
roma-it,nel 1989 tornò in copa américa ; scese in campo per l'unica volta contro l ' .
roma-it,"non c'è quindi differenza di natura tra i due "" blocchi ""."
roma-it,"la tanto desiderata insurrezione , quindi , prese le forme di un "" pronunciamento "" militare ."
roma-it,a 12 anni fece la prima comunione .
roma-it,"in italia , il brano venne usato anche come colonna sonora del film piccolo grande amore ."
roma-it,tracce musicisti artista altri musicisti
roma-it,in glorious time è il quinto album dei sleepytime gorilla museum uscito nel 2007 .
roma-it,questa idea venne poi messa in pratica da lee iacocca .
roma-it,"stand king crimson è uno stand umanoide , dotato di grande forza fisica e velocità ."
roma-it,cronologia presenze e punti in nazionale palmarès note collegamenti esterni
roma-it,il padre di timo ne ha guadagnato uno con il suo gruppo “ illegal 2001 ”.
roma-it,"anche con quest'album , olivia si aggiudica un disco d'oro ."
roma-it,"unica femminile , che milita nella serie c ."
roma-it,alla fine skaði abbandonò njörðr tornando sulle montagne .
roma-it,la regione è appartenuta al granducato di lituania fin dal xiv secolo .
roma-it,laura capisce finalmente cos'era successo nella casa .
roma-it,"egli avrebbe dovuto sposare isabella , la figlia del marchese di vicenza ."
roma-it,"nel 1960 , i villaggi di baksan e staraya kresport si sono uniti ."
roma-it,"bonita de más è il secondo singolo estratto da señales , l'album di debutto della band erreway ."
roma-it,"aspetti morfologici lunghezza : 27,5 - 31,5 cm ."
roma-it,gli italiani furono chiamati a scegliere tra repubblica e monarchia .
roma-it,"alloggiò all'albergo danieli e a palazzo giustiniani , dove portò avanti la stesura del tristano ."
roma-it,lo splendore del colore permane anche negli assemblages di tappi corona e nei collages .
roma-it,fu impiccato a tradimento ad arad con altri 12 patrioti .
roma-it,workingman's dead è il quarto album in studio del gruppo rock statunitense grateful dead .
roma-it,"pietro adriano guglielmo hopmans , vescovo di breda ."
roma-it,questo cartone animato è uscito il 18 agosto 1930 .
roma-it,"dal 1889 al 1892 , ci furono delle edizioni non ufficiali ."
roma-it,"la prima versione stabile rilasciata è stata la 1.2 , fornita insieme a kde 3.5 ."
roma-it,"l'emocele , o emoceloma , è il celoma degli artropodi ."
roma-it,premi e riconoscimenti collegamenti esterni
roma-it,l'edizione 1951 - 52 della lega nazionale a vide la vittoria finale del grasshopper club zürich .
roma-it,"le sue idee , nonostante ancora siano molto influenti , non sono più universalmente accettate ."
roma-it,"“ in realtà è stato molto , molto d’aiuto , molto costruttivo e molto utile ."
roma-it,delfino borroni sono deceduti .
roma-it,i giapponesi per contro ebbero perdite insignificanti .
roma-it,"risultati sommario † – poiché richelmi era una wild card , non poté ottenere punti ."
roma-it,wesley ritrova angel e lo riporta a casa .
roma-it,"april dumaka , alias catspaw è un personaggio immaginario della dc comics ."
roma-it,abito cristallino origine e giacitura forma in cui si presenta in natura collegamenti esterni
roma-it,in base al numero di abitanti la città rientra nella classe ii ( da 50.000 a 99.999 persone ) .
roma-it,"fece la sua prima comparsa letteraria nel romanzo di jack kerouac sulla strada , edito nel 1957 ."
roma-it,"nel 1879 , george mead si iscrisse all ' oberlin college dove si diplomò nel 1883 ."
roma-it,grazie ai cilindri con pistoni contrapposti è una macchina compatta che occupa poco spazio .
roma-it,"tra il 1848 ed il 1850 , la sua popolazione passò da a abitanti permanenti ."
roma-it,"the fraidy cat è un film del 1924 , diretto da james parrott con charley chase ."
roma-it,the medici seal ( il sigillo dei medici ) è l'ultimo suo romanzo ( pubbl .
roma-it,le analisi confermano la positività all ' encefalite erpetica .
roma-it,"giocò con i toscani solo una stagione , per poi passare al monza ."
roma-it,"aloysius a borella , poi a colombo al st ."
roma-it,la montagna ha alla sua sommità una grande caldere formatasi 5 o 6 000 anni fa .
roma-it,nel 1915 stazionava nell ' adriatico e nel 1916 nell ' egeo .
roma-it,nel 1888 sbarca in europa a berlino e l'anno seguente a parigi e londra .
roma-it,altro oggetto di dibattito è il problema delle sementi .
roma-it,note altri progetti collegamenti esterni
roma-it,legislazione note altri progetti
roma-it,stazioni adiacenti note altri progetti collegamenti esterni
roma-it,trama if you really want to know what goes on in a hospital ...
roma-it,quindi il gioco è favorevole a me .
roma-it,la musica del turazza suona gli inni della patria .
roma-it,anche il bagagliaio strutturale alla scocca è una novità assoluta .
roma-it,citazioni hanno detto di paul preuss : note bibliografia
roma-it,deposito locomotive di assegnazione note voci correlate bibliografia
roma-it,"simone vanni si ferma alla medaglia d'argento , sconfitto per 14 - 15 dal tedesco peter joppich ."
roma-it,"attualmente sta lavorando a tre film , che usciranno entro il 2011 ."
roma-it,versioni più estese sono disponibili mediante moduli software esterni .
roma-it,il suo nome fa riferimento alle piante del genere clematis .
roma-it,mühlethurnen è un comune del canton berna di 1.311 abitanti .
roma-it,in super punch out non ha niente di spettacolare ma in punch out wii è tutto diverso .
roma-it,a questa quota la pressione atmosferica media è di pa e la densità di .
roma-it,"durante il suo soggiorno nella città , sposò maria poots ."
roma-it,è una gang da strada e di bassa lega in continua lotta coi cholo .
roma-it,"- l'interpretazione giuridica , in il diritto privato nella società moderna ( saggi a cura di s ."
roma-it,flexeiras è un comune di 11.720 abitanti ( 2007 ) dello stato dell ' alagoas in brasile .
roma-it,"lance wilson , per gli amici "" ryder ""."
roma-it,rei è il guerriero di nanto nato sotto la .
roma-it,la questione della fusione del comune con ginevra cominciò già a porsi .
roma-it,nel 1958 la crisi sul mercato estero costringe ati a vendere sati .
roma-it,"le attività si svolgono presso il camposcuola "" cino cini "" di pisa ."
roma-it,note altri progetti collegamenti esterni
roma-it,"nonostante sia alto e muscoloso , si spaventa anche delle cose più innocue ."
roma-it,il contagio porta il loro dna a mescolarsi con quello di alcune zanzare presenti nel laboratorio .
roma-it,carriera club ha esordito nel 2010 con il deportivo cuenca .
roma-it,squadre partecipanti tabbellone semifinali |} finale al - gharafa sports club terzo titolo
roma-it,divenne costruttore ufficiale per la corte di königsberg nel 1770 .
roma-it,edizioni altri progetti collegamenti esterni
roma-it,per questo lovejoy prova rancore e odio nei confronti di ned .
roma-it,note voci correlate altri progetti
roma-it,giovanni sul muro e oggi alla pinacoteca di berlino .
roma-it,eventi nati morti altri progetti
roma-it,politica varie fonti storiche antiche elencano numerose comunità di gaya .
roma-it,"confina con cina , kazakistan , tagikistan e uzbekistan ; non ha sbocco al mare ."
roma-it,la madre di meredith firma un atto con cui lascia tutto il suo patrimonio in mano a meredith .
roma-it,il meccanismo alla base della montata lattea è l'aumento della prolattina .
roma-it,dal febbraio 2009 lavora con heatwave interactive .
roma-it,"cameo colonna sonora le colonne sonore del gioco , composte da g ."
roma-it,"inoltre annualmente si tengono diverse partite di football universitario , tra cui il gator bowl ."
roma-it,"ha lasciato la band nel 2006 , sostituito da david goodier ."
roma-it,bibliografia voci correlate condotta ( diritto )
roma-it,il nome del regista non viene riportato .
roma-it,artista musicisti altri musicisti tracce
roma-it,"molti fedeli residenti nei centri vicini , per devozione raggiungono bitonto a piedi ."
roma-it,"liu kang , finito ciò , riprende le sue due missioni ."
roma-it,", tefillos o tefillót ; yiddish תּפֿלה tfíle , plur ."
roma-it,"janbulāṭ ) , nella cittadina di al - mukhtāra ( la prescelta )."
roma-it,cyclops è un film del 1940 diretto da ernest b . schoedsack .
roma-it,dimensioni la torre ha è formata da tre piani che raggiungono l'altezza di venti metri .
roma-it,"lui ed i colleghi vennero autorizzati a lasciare new york , sull adriatic , il 2 maggio ."
roma-it,questo giuramento è documentato dall ' arazzo di bayeux .
roma-it,alla sua morte subentrò teresio borsalino .
roma-it,24024 lynnejohnson è un asteroide della fascia principale .
roma-it,non è gassata ed è senza caffeina .
roma-it,voci correlate collegamenti esterni
roma-it,il brd năstase țiriac trophy 2013 è stato un torneo di tennis giocato sulla terra rossa .
roma-it,il cinto erniario il cinto erniario è un apparecchio utilizzato per il contenimento dell'ernia .
roma-it,175017 záboří è un asteroide della fascia principale .
roma-it,all'epoca costituiva un possedimento della signoria di humenné .
roma-it,un fat­tore primario si evidenzia sugli altri : è suonato dai bianchi .
roma-it,il promontorio che divide cala martina da cala violina è chiamato punta francese .
roma-it,il ragusano è un formaggio semiduro a pasta filata prodotto esclusivamente con latte di vacca .
roma-it,"adottò il nome "" fdjeux.com "" nel 2003 e 2004 , per poi tornare al nome originale dal 2005 ."
roma-it,"lo congeda dicendo che reciterà un ' ave maria "" nera "" per lui ."
roma-it,un comprensorio della provincia di trento ha assunto il nome di comprensorio val d'adige .
roma-it,"al suo funerale , però , ada , disperata , cade esanime accanto alla bara e muore ."
roma-it,nel 2007 sempre nei dimmu borgir ha suonato per l'album in sorte diaboli .
roma-it,il palais des victoires è una struttura sportiva polivalente situata a cannes .
roma-it,a nord raggiunge un'altezza massima di 14 m s.l.m .
roma-it,evoluzione demografica gemellaggi altri progetti note
roma-it,arriva a totalizzare prima della pausa invernale 18 punti su 17 partite .
roma-it,xv ) e l’altra con una forma di conchiglia che fornisce appoggio ( sec .
roma-it,statistiche risultati collegamenti esterni
roma-it,"porter dà a carl e brittany i pass per il backstage , in modo da far ingelosire jane ."
roma-it,suoi articoli e recensioni sono apparsi su varie riviste di letteratura italiane e polacche .
roma-it,alla fine dell'anno tutte le 140 uscirono di listino per far spazio alle 240 .
roma-it,"hanno capo provvisto di occhi piccoli , che possono anche mancare , e privo di ocelli ."
roma-it,mammina cara ( mommie dearest ) è un film del 1981 diretto da frank perry .
roma-it,evoluzione demografica altri progetti note
roma-it,etologia il corteggiamento tra animali è oggetto di studio in etologia .
roma-it,entrambe gli adulti hanno una macchia bianca sull'orecchio .
roma-it,sponsor e partner collegamenti esterni
roma-it,personalità legate a pößneck note altri progetti collegamenti esterni
roma-it,presso hajduszoboszlo il 7º corpo meccanizzato e il 6º corpo di cavalleria urtarono contro la 23 .
roma-it,"), tiruvalluvar , l'autore del famoso kural , e la poetessa avvai ."
roma-it,monumenti e punti d'interesse frazioni il comune comprende 21 frazioni : altri progetti note =
roma-it,2ª tappa nuova vittoria allo sprint per tom boonen .
roma-it,i passeggeri medi giornalieri sono 100.000 .
roma-it,radici radici secondarie da rizoma .
roma-it,l'interno dell'edificio è molto semplice .
roma-it,"poetic justice ("" giustizia poetica "" in lingua inglese ) può riferirsi a : cinema musica"
roma-it,sull'olecrano trova inserzione il tendine del muscolo tricipite brachiale .
roma-it,decoder unico base era sottoscrivibili da sola oppure congiuntamente a mediaset premium .
roma-it,fonti altri progetti collegamenti esterni
roma-it,fu così che dettero vita alla unione nazionale delle forze popolari ( unfp ) .
roma-it,lo stesso è proprio il gatto di annalisa .
roma-it,il madrid tennis grand prix 1975 è stato un torneo di tennis giocato sulla terra battuta .
roma-it,"il torace è ampio e marcatamente convesso nella parte anteriore , dal profilo gibboso ."
roma-it,"fondata nel 1991 , ha sede a erevan e i suoi colori nazionali sono il giallo ed il blu ."
roma-it,eol sha pianeta remoto nella nebulosa del calderone .
roma-it,collegamenti esterni weltfussball note
roma-it,l'austrian open 1999 è stato un torneo di tennis giocato sulla terra battuta .
roma-it,"bölsdorf è un comune tedesco di 317 abitanti , situato nel land della sassonia - anhalt ."
roma-it,"nel 1977 , ingrun helgard möckel è morta in seguito ad un incidente stradale ."
roma-it,per gli aspetti ambientali - ecologici da caio ).
roma-it,"in seguito , prima che impari a volare , dopo 141 giorni , perde parte del suo peso ."
roma-it,i fondi del xix secolo comprendono il consiglio supremo di hacienda ( sec .
roma-it,"tale challenge non fu , peraltro , mai completato ."
roma-it,nel 2009 la gara non si è disputata .
roma-it,la cima di camadra ( 3.172 ) è una montagna delle alpi dell'adula nelle alpi lepontine .
roma-it,nel 1969 che conseguì uno dei sei primi premi ex aequo .
roma-it,onorificenze bibliografia altri progetti collegamenti esterni
roma-it,"originario dell'etnia garo , mankin ha 71 anni ed è avvocato ."
roma-it,"rimane sempre molto calma e distaccata , ma soprattutto molto misteriosa ."
roma-it,"i suoi studi a catanzaro proseguirono fino al 1924 , anno in cui venne fu ordinato sacerdote ."
roma-it,risale al periodo del regno medio e fu scritta da un autore ignoto .
roma-it,ma silena beauregard ha rubato le armi di clarisse e si è vestita con quelle .
roma-it,"aliaksandra sasnovich ha battuto in finale lyudmyla kichenok 6 - 0 , 7 - 64 ."
roma-it,lei chiede a vector di portare dei rifornimenti a chris nella nave nello spazio .
roma-it,l'unità è composta da un cannone mark 18 e da un affusto mark 42 .
roma-it,la raccolta riassume i primi tredici anni di carriera di capossela con l'etichetta cgd east west .
roma-it,"sorge su un insediamento templare precedente all'anno mille , presenta pregevoli finiture ."
roma-it,comunque si possono trovare anche foreste e terreni incolti .
roma-it,come sindaco è stato eletto dragan jovanović .
roma-it,una femmina è in grado di deporre circa 40 uova nell'arco di due mesi .
roma-it,il nome l - lsp è semplicemente l'acronimo di label - inferred lsp .
roma-it,alcuni cromosomi y correlati strettamente a r1b1 sono comuni nella attuale popolazione egiziana .
roma-it,"i rimanenti due siti sono perilacustri , montalto dora e viverone ."
roma-it,voci correlate parchi nazionali dell'india
roma-it,si occupano anche delle audizioni per bancarotta .
roma-it,max brody è il timido assistente di chris tower innamorato di angie .
roma-it,"lehe è un comune di 1.080 abitanti della schleswig - holstein , in germania ."
roma-it,filmografia parziale collegamenti esterni
roma-it,è stata replicata su retequattro per due estati consecutive .
roma-it,silver surfer compare al mondo e sconfigge i fantastici quattro .
roma-it,è l'unico comune della provincia .
roma-it,le sale e le camere presentano dipinti e altri oggetti d'arte .
roma-it,note voci correlate altri progetti collegamenti esterni
roma-it,sempre nello stesso anno rich moore ha vinto un annie award per la regia dell'episodio .
roma-it,nel 1918 fu nominato comandante della 19ª armata in lorena .
roma-it,"la regia è stata curata da robin bextor , padre della cantante ."
roma-it,"il pilota inglese tornò in pista in decima posizione , alle spalle di coulthard ."
roma-it,"l'associazione è , inoltre , membro del consiglio olimpico d'asia ."
roma-it,in italia la serie è trasmessa da rete 4 e sky e distribuita in dvd da malavasi editore .
roma-it,bibliografia collegamenti esterni
roma-it,palmarès altri progetti collegamenti esterni
roma-it,"in base ai ritmi , alle tonalità ."
roma-it,si è formata dalle ursulinas e nel colegio sagrado corazón .
roma-it,prima di assumere questo incarico hogan è stato ceo di ge healthcare .
roma-it,suddivisione comprende 8 comuni : il capoluogo è selsingen .
roma-it,il treason act 1702 ( 1 anne stat .
roma-it,in base al numero di abitanti la città rientra nella classe iv ( da 10.000 a 19.999 persone ) .
roma-it,"senza compressione , 20 minuti di trasmissione richiederebbero circa 3,5 tb di dati ."
roma-it,"da damon , jeremy apprende che la ragazza è morta , uccisa da john ."
roma-it,comunicazione e cognizione cognizione .
roma-it,nel 1884 si reca nuovamente a parigi e a londra esponendo con successo alcune marine .
roma-it,"nell ' estate del 2006 , presenta il festivalbar insieme a cristina chiabotto ed ilary blasi ."
roma-it,"il è uno dei distretti della prefettura di fukuoka , in giappone ."
roma-it,utilizzare del cibo per attirare gli spiriti affamati .
roma-it,"kei nishikori , ha battuto in finale robert kendrick 6 – 3 , 7 – 6 ( 4 )."
roma-it,2008 cd deluxe cd 1 cd 2 note formazione
roma-it,bibliografia voci correlate collegamenti esterni
roma-it,il quartiere è compreso nella vi circoscrizione .
roma-it,nel 1889 scrisse e pubblicò a sketch of history of europe .
roma-it,"il portogallo , ha partecipato all'eurovision song contest per la prima volta nel 1964 ."
roma-it,"è stata fra i membri fondatori della "" historical writers association ""."
roma-it,hiroto sakurai è un giovane ragazzo vittima di soprusi da parte dei suoi compagni di classe .
roma-it,ha tradotto l'odissea e l'eneide .
roma-it,"sospese la pubblicazione nel 2009 , con il numero di maggio ."
roma-it,"fiona è una persona schiva , ma nel profondo è una persona buona e con un grande cuore ."
roma-it,questa tecnica è stata usata principalmente nei videogiochi .
roma-it,evoluzione demografica altri progetti note
roma-it,la popolazione al censimento del 2000 era di 17 419 abitanti .
roma-it,"altri effetti : nausea , vomito , diarrea , vampate , congiuntivite , lacrimazione ."
roma-it,servizi la stazione dispone di : note bibliografia
roma-it,lyne e la chiave di tinto brass .
roma-it,l'album verrà distribuito dalla ma.ra.cash records nel 2012 .
roma-it,festività e ricorrenze note bibliografia
roma-it,"è un amico di ted mosby , il protagonista della serie ."
roma-it,la loro prima demo venne prodotta dal tastierista di alice cooper paul horowitz .
roma-it,"mentre cliff parla con il collega , clair e denise rientrano dal corso di ceramica ."
roma-it,dal 2007 al 2009 fu anche presidente del congressional black caucus .
roma-it,"compì i suoi studi a ferrara , bologna e siena ; qui fu ordinato sacerdote nel 1547 ."
roma-it,alla fine l'imperatore ignorò le richieste di aiuto .
roma-it,rieletto consigliere comunale di milano dal 13 giugno 1985 al 7 maggio 1990 .
roma-it,la città è situata sugli speroni dei monti carpazi .
roma-it,"con questa casa fu ripubblicato l'album wound creations con la traccia bonus "" metamorphosis ""."
roma-it,"le sue misure di alesaggio e corsa erano di 81x80 mm , per una cilindrata complessiva di 2473 cc ."
roma-it,hanno compiti amministrativi e compiti che riguardano la disciplina interna e l'organizzazione .
roma-it,note bibliografia voci correlate collegamenti esterni
roma-it,"che si è ritirato suòl punteggio di 6 – 1 , 2 – 0 ."
roma-it,il conte fu president ed è attualmente patrono del northamptonshire county cricket club .
roma-it,"nel 1502 si stabilì con il padre in carinzia , a villaco ."
roma-it,"si è giocato a vancouver in canada , dal 10 al 18 ottobre 1971 ."
roma-it,evoluzione demografica altri progetti note
roma-it,"il soggetto è infatti la storia di san zanobi , vescovo di firenze vissuto nel iv secolo ."
roma-it,"infine si ha , nel caso di henri michaux , il rifiuto della letterarietà del segno linguistico ."
roma-it,trama il gioco inizia davanti ad una villa vittoriana abbandonata .
roma-it,ha effettuato tour in canada e nel nord - est degli stati uniti .
roma-it,tornò poi al moss nel 2002 e nel 2005 giocò allo sprint - jeløy .
roma-it,il radar an / tps - 43 restò operativo fino alla fine del conflitto .
roma-it,fu riedificata nel 1654 e successivamente rifatta nel 1796 .
roma-it,"è stata la 5ª edizione del torneo , che fa parte del world championship tennis 1975 ."
roma-it,datazione dei sabbat il calendario attualmente riconosciuto è quello gregoriano .
roma-it,"diffusione e normativa il decreto "" banda larga "" ( decreto legge n ."
roma-it,morì ad atene il 24 giugno 1835 .
roma-it,"dopo aver bevuto un cocktail , il reverendo babbington muore ."
roma-it,si stima che il costo della realizzazione sarà di circa 70 milioni di euro .
roma-it,secondo il censimento del 2000 la popolazione è di 291 abitanti .
roma-it,"qui si trovano alcuni tra i più grandi vulcani del sistema solare , tra cui l ' olympus mons ."
roma-it,altro fiume che interessa il cantone è la moesa .
roma-it,"con versamenti copiosi il paziente può presentare dispnea , malnutrizione e immunodepressione ."
roma-it,personaggio del film saranno famosi e della serie televisiva da esso nata .
roma-it,in seguito l’abbazia passò ai contarini per eredità e nel 1834 venne acquistata dai giovanelli .
roma-it,successivamente ne acquisì il titolo di presidente onorario .
roma-it,il duca max morì il 15 novembre 1888 .
roma-it,"schlierbach è un comune tedesco di 3.772 abitanti , situato nel land del baden - württemberg ."
roma-it,in uno studio scientifico si afferma che il dmps riduce i livelli ematici di piombo nei bambini .
roma-it,in questi film bobby è co - proprietario della ewing oil insieme alla cognata sue ellen .
roma-it,""" z - man "" gli confessa di essere realmente una donna , mostrandogli un seno ."
roma-it,"cadde da cavallo , e morì tre giorni dopo la conclusione della battaglia ."
roma-it,nazionale gioca per la nazionale di calcio a 5 della norvegia .
roma-it,la stampa iniziò ad equiparare il nome skrewdriver a supporters del national front .
roma-it,a causa di questo infortunio edwards salta 2 partite .
roma-it,note voci correlate altri progetti collegamenti esterni
roma-it,la città è stata fondata nel 1901 .
roma-it,note bibliografia voci correlate altri progetti collegamenti esterni
roma-it,curve algebriche di 4º grado quartica .
roma-it,ha chiuso la carriera al stormvogels .
roma-it,la corna trentapassi è una montagna delle prealpi bresciane e gardesane alta 1.248 m s.l.m .
roma-it,fece amicizia con francesc pujols e con salvador dalí .
roma-it,"all'inizio del xiii secolo apparteneva al ducato di spoleto , ma tornò poco dopo a trevi ."
roma-it,incarichi collegamenti esterni
roma-it,"nel 1988 , fu acquistato dall ' abc di natal ."
roma-it,", come ghirlandaio , perugino , e botticelli ."
roma-it,appartenne alla signoria di divín .
roma-it,note voci correlate collegamenti esterni in inglese
roma-it,"la struttura rimanente è alta 41 metri , originalmente si pensa che fosse alta circa 50 metri ."
roma-it,"crane firmò il libro dedicandolo a "" to an unnamed sweetheart ""."
roma-it,attualmente ospita anche una delle più importanti università gesuite : l ' università di deusto .
roma-it,nel 1951 fu terminata la costruzione del ponte flaminio che ne ha ridotto la funzionalità .
roma-it,"onomastico l ' onomastico viene festeggiato il 27 dicembre in ricordo di san balderico , martire ."
roma-it,costume navigazione editoria musica frutta storia altro sport
roma-it,circoscrizioni e comunità il distretto consta di 5 circoscrizioni e 10 comunità :
roma-it,palmarès competizioni nazionali competizioni internazionali note collegamenti esterni
roma-it,"il comune di lograto dista quindici chilometri dal capoluogo brescia , mentre come non montano ."
roma-it,è stata installata la modalità cooperativa a più giocatori .
roma-it,"il kurama determinata prova ancora , ma kouta blocca questo e si è sparato ."
roma-it,il mesolitico non ha lasciato tracce significative .
roma-it,con la squadra isolana vinse lo scudetto sfumato l'anno prima nel finale di stagione .
roma-it,"pronto a tutto , anche ad uccidere qualcuno per ottenere quello che voleva rubare ."
roma-it,il nipote avrebbe anche aggiunto una prefazione .
roma-it,spooky è stato liberato dalla sua prigione .
roma-it,durante il periodo arabo la città si ribellò più volte .
roma-it,"nel 1938 fu tra i firmatari del manifesto della razza , in appoggio alle leggi razziali fasciste ."
roma-it,tassonomia questo genere non è un sinonimo anteriore di eris c .
roma-it,"santo molto venerato in spagna e in america latina , in italia è protettore di canicattì ."
roma-it,il torneo si è giocato a aptos negli stati uniti dal 11 al 17 luglio 2005 su campi in cemento .
roma-it,"questi ordini , a loro volta , comprendono circa 140 famiglie ."
roma-it,le indicazioni sulla durata del governo di qi oscillano tra i 10 ed i 29 anni .
roma-it,dopo circa un anno veniva poi lavato con acqua .
roma-it,nel romanzo di alessandro barbero bella vita e guerre altrui di mr .
roma-it,"sono composte dalle isole satowan , lekinioch , ettal e namoluk ."
roma-it,"il torneo di "" rugby a 15 "" delle cinque nazioni del 1964 si disputò dal 4 gennaio al 11 aprile ."
roma-it,descrizione i goblin sono piccoli mostri umanoidi .
roma-it,"barovia si è ingrandita , estendendosi a parecchie valli delle montagne balinok ."
roma-it,"6000 km di paura è un film del 1978 , diretto da bitto albertini ."
roma-it,filmografia parziale collegamenti esterni
roma-it,"morì a kandy , all'età di 53 anni ."
roma-it,tracce note collegamenti esterni
roma-it,la cosa poteva essere fraintesa e creare così una vera e propria grana politica .
roma-it,note bibliografia plagio come manipolazione mentale e lavaggio del cervello voci correlate
roma-it,palmarès note collegamenti esterni
roma-it,ciò permette ai gestori di controllare meglio l'affluenza nel locale .
roma-it,il regno degli iclinga fu il precursore del reame anglosassone della mercia in inghilterra .
roma-it,"una linea veloce collega bettolle con firenze , attraverso l ' a1 ."
roma-it,trama produzione il film fu prodotto dalla kay - bee pictures .
roma-it,rielaborazioni musica teatro cinema voci correlate
roma-it,"isbn 0 - 312 - 85431 - 5 jordan , r ."
roma-it,assieme a due amici ha aperto a beverly hills un ristorante marocchino di nome tagine .
roma-it,"428v , lettera alla duchessa ( di nocera ?) cc ."
roma-it,il linfoma maligno tiroideo è un linfoma che prende origine all'interno della ghiandola tiroide .
roma-it,ciò fu fino al concilio vaticano ii .
roma-it,"sintomatica è la frase di sting al proposito : "" il rock è morto ""."
roma-it,astral projection oggi astral projection fanno “ full - on trance ” performance con elementi goa .
roma-it,nel frattempo i burgundi si espansero nella valle del rodano strappando varie città ai romani .
roma-it,il recupero veniva giudicato moderato nel 12 % dei casi e scarso in solo il 4 % dei pazienti .
roma-it,"il resto della società era composto da guerrieri , artigiani e mercanti ."
roma-it,note bibliografia altri progetti collegamenti esterni
roma-it,scrisse due sonetti ( gli unici ) in dialetto piemontese datati aprile e giugno 1783 .
roma-it,"la dotazione era di 22 siluri , oppure di 32 mine ."
roma-it,non è stato eletto alcun parlamentare presentatosi nelle liste del partito .
roma-it,"alla fine del 1995 registra il suo primo disco , ma un anno dopo lascia la band ."
roma-it,immagine:latrochita20enestacionesquel1 . jpg | la stazione di esquel .
roma-it,"memory , un uomo con una memoria fotografica formidabile ."
